Season,Rk,Player,Pos,Age_nba,Tm_nba,G_nba,GS_nba,MP_nba,FG_nba,FGA_nba,FG%_nba,3P_nba,3PA_nba,3P%_nba,2P_nba,2PA_nba,2P%_nba,FT_nba,FTA_nba,FT%_nba,ORB_nba,DRB_nba,TRB_nba,AST_nba,STL_nba,BLK_nba,TOV_nba,PF_nba,PTS_nba,Tm_gleague,Age_gleague,G_gleague,GS_gleague,MP_gleague,FG_gleague,FGA_gleague,FG%_gleague,3P_gleague,3PA_gleague,3P%_gleague,2P_gleague,2PA_gleague,2P%_gleague,FT_gleague,FTA_gleague,FT%_gleague,ORB_gleague,DRB_gleague,TRB_gleague,AST_gleague,STL_gleague,BLK_gleague,TOV_gleague,PF_gleague,PTS_gleague
2015,2,Jordan Adams,SG,20,MEM,30,0,248,5.1,12.5,0.407,1.5,3.6,0.4,3.6,8.9,0.41,2,3.3,0.609,1.3,2.8,4.1,2.3,2.3,1,2,3.5,13.6,IOW,20,11,3,351,7.5,16.2,0.462,1.8,4.8,0.383,5.6,11.4,0.495,3.6,4.5,0.795,2.8,5.1,7.9,2.2,2.2,0.5,2.1,2.2,20.4
2015,16,Kyle Anderson,SF,21,SAS,33,8,358,3.1,8.9,0.348,0.3,1.1,0.273,2.8,7.8,0.359,0.9,1.4,0.643,0.5,6.7,7.2,2.8,1.5,0.7,1,2.8,7.4,AUS,21,26,26,1042,7.4,16.4,0.447,0.6,1.7,0.354,6.8,14.8,0.458,3.9,4.9,0.789,1.4,6.4,7.8,4.3,1.8,1.3,3,2.2,19.2
2015,34,Earl Barron,C,33,PHO,16,1,143,3,9.8,0.308,0.5,1,0.5,2.5,8.8,0.286,1.5,3,0.5,3.5,3.5,7,1.3,1,0.5,1.3,6.5,8.1,BAK,33,26,17,846,8.7,18.6,0.467,1.1,3.4,0.338,7.5,15.2,0.496,4.2,5.3,0.792,4.4,7.7,12,1.6,0.8,0.6,2.9,3.6,22.7
2015,64,Jabari Brown,SG,22,LAL,19,5,568,4.4,10.8,0.412,1.5,3.9,0.371,3,6.8,0.435,4.1,5.4,0.753,0.2,2.1,2.3,2.5,0.8,0.1,2,2.1,14.4,LOS,22,39,25,1362,8.2,18,0.457,2.3,5.9,0.392,5.9,12.1,0.488,6.4,7.6,0.837,1.5,2.7,4.2,2.3,1,0.2,2.6,2.2,25.1
2015,65,Lorenzo Brown,PG,24,MIN,29,7,549,3.4,8,0.426,0.4,1.8,0.214,3,6.2,0.489,0.8,1.2,0.632,0.9,3.7,4.6,5.9,1.8,0.4,2,3.2,8,GRR,24,18,16,567,7.5,14.9,0.504,1.3,3.4,0.389,6.2,11.4,0.539,2.9,3.4,0.852,1.1,4.6,5.7,4.3,2.1,0.3,4.1,2.7,19.2
2015,83,Clint Capela,C,20,HOU,12,0,90,5.6,11.6,0.483,0,0,NA,5.6,11.6,0.483,1.6,9.2,0.174,4,10.4,14.4,0.8,0.4,3.6,2,5.6,12.8,RIO,20,38,32,928,9.8,16.3,0.601,0,0.1,0,9.8,16.2,0.605,4,6.6,0.596,5.9,8.4,14.3,1.1,1.1,4.4,2.7,3.8,23.6
2015,101,Jack Cooley,C,23,UTA,16,0,87,3.7,9.1,0.409,0,0,NA,3.7,9.1,0.409,3.7,8.7,0.429,4.1,6.2,10.3,0.4,2.5,1.2,1.2,9.5,11.2,IDA,23,20,18,616,7.7,13.4,0.572,0.2,1.1,0.211,7.4,12.3,0.605,4,5.8,0.69,6,8.6,14.6,1.2,0.8,1.5,1.8,4,19.6
2015,103,Bryce Cotton,PG,22,UTA,15,0,159,6.6,15.6,0.42,1.6,4.5,0.35,5,11.1,0.449,3.4,4.1,0.833,0.7,3.4,4.1,3.4,0.9,0,2.7,1.4,18.1,AUS,22,34,34,1368,6.9,14.7,0.471,2.4,5.3,0.448,4.6,9.4,0.485,3.8,4.2,0.9,1.1,3.1,4.2,4.2,1.1,0.1,2.3,2,20.1
2015,110,Jared Cunningham,SG,23,LAC,19,0,89,4.9,13.3,0.364,1.6,5.3,0.308,3.2,8.1,0.4,2.8,5.3,0.538,0.4,3.2,3.6,4,1.2,0,2.8,4.9,14.2,TOT,23,29,22,993,5.6,13.3,0.421,1.8,5.7,0.323,3.8,7.6,0.495,6.6,8.3,0.794,1.1,2.2,3.3,3.3,1.2,0.3,3,2.3,19.6
2015,121,Austin Daye,SF,26,TOT,34,4,344,5.2,14.8,0.355,2.5,7.4,0.338,2.7,7.3,0.371,0.5,0.6,0.833,1,6.8,7.8,1.8,1.3,0.5,2.4,4.1,13.5,ERI,26,10,4,284,7.7,19,0.407,1.6,5.7,0.289,6.1,13.3,0.457,3.2,3.7,0.862,0.6,8.2,8.9,3.2,1,1.4,3.7,4.8,20.3
2015,158,Tim Frazier,PG,24,TOT,11,3,239,3.2,9.2,0.344,0.8,2.6,0.294,2.4,6.6,0.364,1.5,3.2,0.476,0.9,3.3,4.2,9,1.2,0,3.8,3.9,8.6,MAI,24,41,40,1458,5.6,12.1,0.46,1.1,2.9,0.364,4.5,9.2,0.491,4.1,5.1,0.811,2.1,5.1,7.2,9.6,1.7,0.3,3.4,3.5,16.3
2015,163,Langston Galloway,PG,23,NYK,45,41,1457,5,12.6,0.399,1.5,4.3,0.352,3.5,8.3,0.424,1.6,1.9,0.808,0.9,3.8,4.7,3.7,1.3,0.3,1.5,3.2,13.2,WES,23,19,19,699,5.9,13.2,0.447,2,5.6,0.358,3.9,7.6,0.514,2.3,2.7,0.83,1.1,4.7,5.8,2.4,2.6,0.4,1.5,2.9,16.1
2015,187,JaMychal Green,PF,24,TOT,24,1,164,5.9,10.3,0.574,0,1.3,0,5.9,9,0.659,1.8,2.2,0.8,4.2,5.7,9.9,0.9,1.1,1.1,3.1,5.5,13.6,AUS,24,20,20,629,10.2,17.7,0.577,0.2,0.6,0.364,10,17.1,0.585,5.6,6.6,0.843,4.8,7.5,12.2,2.8,1.1,1.8,4.1,4.5,26.3
2015,193,Jordan Hamilton,SF,24,LAC,14,2,122,4.1,10.3,0.4,3,6.2,0.476,1.2,4.1,0.286,0,0,NA,0.6,4.1,4.7,2.1,0.6,0,1.2,4.1,11.2,TOT,24,31,22,861,7.9,17.8,0.441,2.2,6.7,0.329,5.6,11.1,0.509,3.8,5,0.773,2.9,6.6,9.6,4.5,1.6,1.2,2.5,3.6,21.8
2015,201,Joe Harris,SG,23,CLE,51,1,493,3.5,8.8,0.4,2.3,6.1,0.369,1.2,2.6,0.472,0.7,1.1,0.6,0.5,2.5,3,1.9,0.5,0.1,2,4.5,9.9,CAN,23,11,11,347,5.4,13.8,0.391,1.9,7.2,0.261,3.5,6.6,0.531,3.4,4.7,0.733,1.8,4.4,6.1,3.9,1,0.2,2.8,3.9,16.1
2015,239,John Jenkins,SG,23,ATL,24,3,297,5.9,12,0.495,2.5,6.3,0.404,3.4,5.7,0.596,1.9,2.3,0.842,0.2,4.5,4.7,1.6,1.2,0,1,1.8,16.4,TOT,23,11,4,312,8.4,15.8,0.533,2.2,5.5,0.396,6.2,10.3,0.607,3.8,3.9,0.971,0.7,4,4.7,1.8,1.2,0.2,2.8,1.4,22.8
2015,244,Chris Johnson,SF,24,TOT,29,2,526,4.2,10.5,0.403,1.9,6.5,0.295,2.3,4,0.576,1,1.1,0.875,0.5,3.2,3.8,1,1.8,0.5,1,3,11.4,RIO,24,17,14,576,7.2,14.1,0.516,2.4,6.7,0.364,4.8,7.4,0.653,4.4,5.6,0.789,1.9,4.2,6.1,2.3,1.6,0.9,1.8,2.9,21.4
2015,247,Nick Johnson,SG,22,HOU,28,0,262,3.6,10.3,0.347,0.7,2.9,0.238,2.9,7.4,0.389,2.3,3.4,0.68,1.8,3.6,5.4,1.5,1,0.4,2.6,4.7,10.2,RIO,22,20,18,677,6.6,15.4,0.428,1.4,4.9,0.283,5.2,10.5,0.495,4.8,6.1,0.789,1.1,4.6,5.7,5.4,1.3,0.7,4.3,4,19.4
2015,248,Tyler Johnson,SG,22,MIA,32,2,603,4.2,10,0.419,1.1,2.9,0.375,3.1,7.1,0.437,1.9,2.8,0.681,0.8,4,4.8,2.5,2,0.5,1.8,2.5,11.3,SFL,22,15,15,517,6.9,14.1,0.49,1.4,3.3,0.426,5.5,10.8,0.51,4.1,5.1,0.808,1.4,3.1,4.5,4.5,1,0.4,1.8,2.6,19.3
2015,250,Dahntay Jones,SF,34,LAC,33,0,123,1.8,6.1,0.286,0,1.2,0,1.8,5,0.353,2.6,3.2,0.818,0.3,2.9,3.2,0.6,0.9,0,0.3,6.7,6.1,FOR,34,19,15,556,6.1,11.3,0.537,1,2.5,0.385,5.1,8.8,0.581,4.5,6.3,0.714,1,3.2,4.2,2.1,1,0.6,1.6,3.4,17.7
2015,275,Ricky Ledo,SG,22,TOT,17,0,244,4.7,14.2,0.333,1.5,4,0.37,3.2,10.2,0.319,2.4,3.2,0.727,2.4,3,5.3,2.8,0.9,0.1,3.8,3.1,13.3,TEX,22,26,23,853,6.3,14.1,0.446,1.3,4.4,0.288,5,9.7,0.517,2.7,3.6,0.756,1.4,3.6,5,4.6,1.5,0.3,2.6,2.8,16.6
2015,304,James Michael McAdoo,PF,22,GSW,15,0,137,6.3,11.6,0.545,0,0,NA,6.3,11.6,0.545,3.7,6.6,0.56,3.9,5.8,9.7,0.5,1.3,2.4,1.6,5.5,16.3,SAN,22,33,31,1081,8.3,14.4,0.575,0,0.1,0.25,8.2,14.2,0.578,4.9,7.2,0.685,3.2,6.3,9.5,2.5,2.2,2.2,2.6,3.5,21.5
2015,321,Quincy Miller,PF,22,TOT,10,0,119,2.7,11.5,0.237,0.9,5.4,0.167,1.8,6.1,0.3,2.4,3.3,0.727,1.2,4.8,6.1,2.4,2.1,1.5,1.5,2.7,8.8,TOT,22,18,10,509,9.9,20.2,0.49,2.7,7.6,0.355,7.2,12.7,0.57,7.8,8.8,0.887,3.3,7.1,10.4,2.3,1.8,4,2.4,5.1,30.3
2015,323,Elijah Millsap,SG,27,UTA,47,5,924,3.2,9.3,0.34,1.1,3.5,0.311,2.1,5.8,0.358,2.3,3.4,0.674,1.1,4.8,5.8,2.3,2.2,0.6,2.6,4.8,9.7,BAK,27,19,16,695,6.5,14.7,0.442,1,2.9,0.339,5.5,11.8,0.467,6.3,8.3,0.763,1.8,6.3,8.1,5.1,2.1,0.3,4,3.8,20.3
2015,362,Adreian Payne,PF,23,TOT,32,22,739,4.4,10.7,0.414,0,0.4,0.111,4.4,10.3,0.427,1.5,2.2,0.652,2.3,5.6,7.9,1.5,0.9,0.4,2.1,4.3,10.4,TOT,23,17,8,466,6.5,13.4,0.483,0.2,1.8,0.13,6.3,11.7,0.536,3.8,5.3,0.71,3.2,7.6,10.9,2.7,0.8,1.3,2.7,4.3,17
2015,371,Dwight Powell,PF,23,TOT,29,0,236,4.7,10.2,0.463,0.5,1.7,0.273,4.3,8.5,0.5,3.8,5,0.758,2.7,4.9,7.6,1.4,1.4,0.9,1.7,6.1,13.7,TOT,23,12,12,430,10.5,17.5,0.598,0.9,2.3,0.393,9.5,15.2,0.63,4.3,6,0.708,3,6.8,9.8,2.7,0.9,1.1,2.8,3.5,26.1
2015,418,Russ Smith,PG,23,TOT,12,0,65,4.4,13.8,0.32,1.1,6.1,0.182,3.3,7.8,0.429,6.6,7.2,0.923,0.6,2.8,3.3,4.4,1.7,0,6.6,7.2,16.6,TOT,23,25,12,770,7.7,15.5,0.494,1.4,3.6,0.385,6.3,11.9,0.528,4.4,6.5,0.688,1.2,3.9,5,5,2.2,0.3,3.5,3.5,21.2
2015,426,Jarnell Stokes,PF,21,MEM,19,2,126,6,10.6,0.568,0,0,NA,6,10.6,0.568,4.3,8,0.536,4.6,5.1,9.7,1.1,1.4,1.4,2,7.1,16.3,IOW,21,23,14,737,6.8,11.1,0.617,0,0,NA,6.8,11.1,0.617,3.3,4.7,0.698,4.5,8.2,12.7,1.3,0.7,0.9,2.2,2.2,16.9
2015,460,Henry Walker,SF,27,MIA,24,13,628,3.3,9.6,0.345,2.6,7.6,0.341,0.7,2.1,0.361,0.8,1,0.778,0.4,4.3,4.7,1.7,1.4,0.5,1.4,4.4,10,SFL,27,17,8,472,6.7,14.3,0.468,4,8.8,0.448,2.7,5.5,0.5,2.2,3.1,0.707,0.5,4.5,5,2,1.3,1,1.1,4.1,19.6
2015,477,Elliot Williams,SG,25,TOT,13,0,119,4.2,11.2,0.378,2.4,5.4,0.444,1.8,5.7,0.316,0.3,1.2,0.25,0,2.4,2.4,3.6,1.2,0,1.2,3.6,11.2,SAN,25,29,25,1045,7.9,16.7,0.474,1.6,4.2,0.374,6.3,12.5,0.508,3.9,5.3,0.729,0.6,4.2,4.8,7.4,1.2,0.1,3,1.7,21.3
2015,481,Reggie Williams,SF,28,SAS,20,0,105,5.1,13.4,0.385,1,6.5,0.158,4.1,6.9,0.6,1.4,1.4,1,1.7,4.1,5.8,3.4,0.3,0,0.7,4.1,12.7,OKL,28,13,8,416,6.9,13.5,0.513,2.6,5.3,0.492,4.3,8.2,0.526,2.5,3.8,0.659,1.1,4.8,6,3.7,1.2,0.2,2.7,1.8,19
2015,484,Nate Wolters,PG,23,TOT,21,0,247,2.9,8.3,0.351,0,1,0,2.9,7.3,0.4,0.3,0.9,0.333,1.2,3.8,5,3.1,1.2,0.3,1.9,2.6,6.1,GRR,23,12,8,378,7.5,15,0.5,0.5,1.6,0.294,7,13.4,0.525,1.9,2.8,0.69,1.6,4.5,6.1,8.2,1.1,0.4,2.2,2.2,17.4
2015,488,James Young,SG,19,BOS,31,0,332,3.9,11.1,0.353,1.8,7.2,0.258,2.1,3.9,0.528,1.7,3.1,0.552,1,3.6,4.6,1.4,0.9,0.2,0.5,2.4,11.4,MAI,19,17,17,559,8,17.3,0.463,4.4,9.9,0.442,3.6,7.3,0.491,3.2,4.1,0.766,1.1,4.2,5.3,2.2,1.6,0.5,2.8,2.3,23.5
2016,28,Jeff Ayres,C,28,LAC,17,0,107,4,7.7,0.522,0,0.3,0,4,7.4,0.545,2,2,1,1.3,6.1,7.4,1.7,0,1,2,6.1,10.1,TOT,28,27,24,875,6.2,11.1,0.554,0.1,0.4,0.3,6,10.7,0.563,5.6,6.3,0.882,2.4,8.2,10.6,2.5,0.8,1.2,2.6,4.4,18
2016,118,Spencer Dinwiddie,PG,22,DET,12,0,159,4.3,12.2,0.352,0.2,2.3,0.1,4.1,10,0.409,4.3,7.5,0.576,0.9,2.9,3.8,5,0.7,0,1.6,4.5,13.1,GRR,22,13,11,438,5,11.9,0.421,1.3,3.9,0.34,3.7,8.1,0.459,4.4,5,0.869,0.7,3,3.7,6.4,2.3,0.7,2.3,2.9,15.7
2016,128,Jarell Eddie,SF,24,WAS,26,0,147,4.9,15.9,0.308,3.7,11.5,0.319,1.2,4.4,0.278,2,2,1,0.5,5.1,5.6,1.2,1.2,0.2,0.2,1.2,15.4,AUS,24,11,9,315,6.1,11.4,0.53,3.7,7,0.525,2.4,4.5,0.538,1.9,2.1,0.944,0,5,5,1.3,0.5,0.2,1.6,2.5,17.7
2016,131,James Ennis,SF,25,TOT,22,5,329,5.9,12.4,0.478,2.8,6.3,0.448,3.1,6,0.509,2.7,3.7,0.735,2.3,2.3,4.6,2.3,1.8,0.5,2.1,3.1,17.4,IOW,25,24,21,799,7.1,15.7,0.454,1.9,5.9,0.321,5.2,9.8,0.535,4.1,5.9,0.697,2,4.5,6.5,2.8,1.1,0.5,2.9,3,20.3
2016,174,Jordan Hamilton,SF,25,NOP,11,4,304,5.8,13.7,0.422,1.5,5.3,0.289,4.3,8.4,0.507,1.7,2.5,0.667,1.4,5.9,7.3,3,0.9,0.4,2,2.8,14.8,RIO,25,14,0,409,7.2,14.5,0.497,1.5,4.1,0.362,5.7,10.4,0.551,2.5,3.3,0.737,3,8.5,11.5,4.8,1.1,1.1,2.5,3.6,18.4
2016,180,Montrezl Harrell,PF,22,HOU,39,1,379,5.5,8.5,0.644,0,0.1,0,5.5,8.5,0.652,2.3,4.4,0.522,2.4,3.8,6.2,1.6,1,1,1.6,4.6,13.3,RIO,22,12,12,467,8.8,16.5,0.533,0.9,3.9,0.24,7.9,12.6,0.622,3.9,6,0.654,2.9,5.6,8.6,3.1,0.9,2.2,2.6,3.3,22.4
2016,185,Aaron Harrison,SG,21,CHO,21,0,93,1.9,7.4,0.263,1.2,3.9,0.3,0.8,3.5,0.222,1.9,4.6,0.417,1.5,4.3,5.8,0.8,2.3,0,1.5,3.9,7,TOT,21,13,7,389,6.4,17.6,0.363,1.7,6.3,0.265,4.7,11.3,0.418,6.8,8.2,0.82,0.8,3.6,4.4,2.3,1.3,0.5,2.6,3.1,21.2
2016,217,Damien Inglis,SF,20,MIL,20,1,156,3,8.5,0.351,0.7,3,0.231,2.3,5.5,0.417,1.6,1.8,0.875,0.5,6.7,7.2,2.3,1.4,0.7,2.5,2.5,8.3,TOT,20,16,0,343,6.3,14.5,0.435,1.5,4.4,0.333,4.8,10.1,0.479,2.8,4.4,0.643,1.6,6.7,8.3,2.8,2.2,0.3,2.4,3.5,16.9
2016,250,Sean Kilpatrick,SG,26,TOT,31,0,616,7.2,15.8,0.456,2.3,6.7,0.342,4.9,9.1,0.538,3.5,3.9,0.896,0.7,2.6,3.3,1.7,0.7,0.1,1.8,2.2,20.2,DEL,26,28,26,1074,8.3,17.7,0.472,2.9,6.8,0.426,5.5,10.9,0.502,5.2,6.6,0.778,0.8,2.8,3.6,2,1.1,0.1,2.3,1.1,24.7
2016,277,Devyn Marble,SG,23,ORL,28,0,249,3,10.3,0.296,1.2,4.6,0.25,1.9,5.6,0.333,1.4,3.5,0.417,0.9,4.6,5.5,1.7,1.9,0.1,1,3.6,8.7,ERI,23,14,1,433,6.2,15.5,0.398,2,5.7,0.353,4.2,9.8,0.424,2.9,3.7,0.795,1.2,4.9,6.1,2.6,1.8,0.2,2.7,2.9,17.2
2016,280,Jarell Martin,PF,21,MEM,27,0,380,5.1,11,0.466,0,0.2,0,5.1,10.8,0.474,4.3,5.9,0.726,3.7,4.5,8.1,1.4,0.8,0.7,1.8,5.5,14.5,IOW,21,10,6,289,7.6,15.4,0.492,0.2,0.9,0.286,7.3,14.6,0.504,3.2,5.7,0.565,2.2,5.2,7.5,0.9,1,0.6,2.6,4,18.7
2016,292,Mitch McGary,PF,23,OKC,20,0,72,5.5,11.5,0.478,0,2,0,5.5,9.5,0.579,2,5,0.4,2,7,9,1.5,0.5,1,3.5,5,13,OKL,23,26,9,647,8.7,19,0.457,0.6,2.6,0.239,8.1,16.4,0.492,3.2,4.2,0.763,4.3,8.3,12.7,2.1,1.6,1.2,4,4.7,21.2
2016,295,Jordan McRae,PG,24,TOT,22,1,195,6.3,14.4,0.436,1.8,4.1,0.455,4.4,10.3,0.429,3.9,5.2,0.75,0.7,3,3.7,4.6,0.6,0.2,2.8,3.1,18.3,DEL,24,29,29,1028,8.2,17.8,0.459,1.8,5.5,0.318,6.4,12.3,0.521,5.6,7,0.799,0.8,3.8,4.6,5.3,1.8,0.5,4,2.3,23.6
2016,299,Jordan Mickey,PF,21,BOS,16,0,57,5.1,13.9,0.364,0,0,NA,5.1,13.9,0.364,3.2,6.3,0.5,3.8,4.4,8.2,0.6,0,6.9,0.6,3.2,13.3,MAI,21,23,22,767,7.6,14.3,0.531,0.3,0.9,0.35,7.3,13.4,0.544,3.3,4.4,0.745,2.4,8.6,11.1,1.4,0.8,4.7,2.3,2.5,18.8
2016,320,Xavier Munford,SG,23,MEM,14,0,244,4.7,11.4,0.416,1.3,3.4,0.391,3.4,8,0.426,1,2.1,0.5,0.4,4.1,4.6,3.2,1.9,0.4,2.2,3.7,11.8,BAK,23,41,37,1383,7.8,15.9,0.49,1.8,4.4,0.412,6,11.5,0.52,4.3,5.4,0.811,0.5,4,4.5,6.9,1.1,0.4,3.5,2.4,21.8
2016,330,Lucas Nogueira,C,23,TOR,29,1,225,4.5,7,0.636,0.2,0.5,0.333,4.3,6.6,0.659,1.3,2.4,0.533,2.9,4.5,7.4,1.1,1.9,1.9,1.8,4.6,10.4,RAP,23,11,6,277,5.8,10.3,0.57,0.4,1.6,0.25,5.5,8.7,0.627,2.1,2.7,0.762,3.1,6.4,9.5,4.2,1,2.5,3.1,4.5,14.2
2016,346,Lamar Patterson,SG,24,ATL,35,0,395,2.6,7.3,0.35,1.1,4.5,0.245,1.5,2.8,0.516,1.5,2,0.727,0.4,4.2,4.6,3.6,0.8,0.2,2.1,4.1,7.7,TOT,24,19,15,512,6,14,0.432,1.3,4.9,0.257,4.8,9.1,0.527,3.8,4.9,0.783,1.1,4.1,5.3,5.7,1.3,0.3,4.1,4.1,17.2
2016,363,Phil Pressey,PG,24,TOT,23,0,283,3.8,9.9,0.385,0.5,2.3,0.222,3.3,7.6,0.433,1.7,3.2,0.52,0.4,3.6,3.9,9.5,2.3,0.5,4.2,3.6,9.8,IDA,24,31,25,1102,5,11.6,0.43,1.6,4.9,0.336,3.4,6.8,0.498,2.2,3.1,0.708,0.9,3.7,4.6,6.9,2.1,0.3,3.7,2.4,13.9
2016,381,Terry Rozier,PG,21,BOS,39,0,311,3.4,12.3,0.274,0.7,3.1,0.222,2.7,9.1,0.291,0.9,1.2,0.8,2.8,4.5,7.3,4.3,0.7,0.1,2.2,2.7,8.3,MAI,21,14,14,472,6.9,17.5,0.393,1.9,5.6,0.338,5,11.8,0.419,5,6.5,0.776,1.5,5.3,6.9,8.5,2,0.2,2.9,2.2,20.7
2016,396,Henry Sims,C,25,BRK,14,4,263,4.5,10.5,0.429,0,0,NA,4.5,10.5,0.429,3.4,4.1,0.833,2.9,7,9.9,1.2,1.2,1.9,1.6,5.1,12.5,GRR,25,40,38,1199,7.2,13.3,0.541,0,0.2,0.167,7.1,13.1,0.546,4.5,5.9,0.753,3.6,7.1,10.7,1.1,1.4,1.1,2.5,4.9,18.9
2016,400,Greg Smith,PF,25,MIN,18,0,192,3.4,6,0.563,0,0,NA,3.4,6,0.563,1.3,3.2,0.412,2.3,5.6,7.9,1.1,0.7,0.2,1.3,5.2,8.1,RAP,25,17,12,477,6,11.8,0.513,0,0.4,0,6,11.4,0.53,4.1,6.6,0.614,2.5,7.8,10.3,3.1,1.4,0.4,1.8,3.6,16.2
2016,405,Russ Smith,PG,24,MEM,15,0,66,3.8,12,0.318,0.5,2.7,0.2,3.3,9.3,0.353,4.4,7.1,0.615,0.5,4.4,4.9,6,2.7,0.5,3.8,2.7,12.5,TOT,24,22,14,814,9.6,20.8,0.46,2.1,7,0.304,7.4,13.8,0.538,5.9,7.6,0.778,0.9,3.9,4.8,7.6,2.1,0.1,4.8,3.7,27.1
2016,427,Marcus Thornton,SG,28,TOT,61,8,1109,7,17.6,0.399,3,8.8,0.337,4.1,8.8,0.46,2.2,2.6,0.848,1.2,3.6,4.9,2.8,1.5,0.1,1.7,2.9,19.2,MAI,22,12,6,325,6.5,14.3,0.457,2.5,7.1,0.359,4,7.2,0.554,2.4,3.4,0.71,0.4,2.3,2.8,3.3,0.7,0.4,1.7,1.4,18.1
2016,429,Axel Toupane,SF,23,DEN,21,0,305,3,8.3,0.357,1.5,4.7,0.325,1.4,3.5,0.4,1.5,2,0.765,0.9,2.7,3.7,1.8,0.8,0.7,0.7,4.7,9,RAP,23,32,14,949,5.7,13.3,0.429,1.4,4.4,0.313,4.3,8.9,0.485,5,6.4,0.786,1.2,5.6,6.8,4.4,1.2,0.2,3.5,3.5,17.8
2016,456,C.J. Wilcox,SG,25,LAC,23,0,167,5.6,14.2,0.394,1.9,5,0.391,3.7,9.3,0.395,1.9,2.6,0.75,0.2,2.4,2.6,2.2,2.2,0.4,0.4,3.2,15.1,TOT,25,21,18,687,7.1,15.6,0.458,3.6,8.5,0.417,3.6,7,0.507,2.7,3.2,0.836,0.5,3.7,4.2,3.1,0.8,0.3,1.6,2.5,20.5
2016,466,Christian Wood,PF,20,PHI,17,0,145,5.5,13.2,0.415,1,2.7,0.364,4.5,10.4,0.429,3.2,5.2,0.619,3.2,6.2,9.4,0.7,1.2,1.7,0.5,2.7,15.1,DEL,20,32,22,922,8.1,15.3,0.529,0.9,3.4,0.253,7.2,11.9,0.609,4.6,6.5,0.707,3.4,8.4,11.8,0.8,1.1,1.4,1.8,3.3,21.6
2016,469,Delon Wright,PG,23,TOR,27,1,229,5.7,12.6,0.45,0.8,2,0.385,4.9,10.5,0.463,4.1,5.5,0.743,1.3,4.6,5.8,4.9,1.3,0.5,2.5,1.1,16.2,RAP,23,15,15,536,6.5,12.2,0.536,1.2,3.4,0.36,5.3,8.8,0.603,3.6,4.5,0.806,0.9,4.1,5,6.5,1.6,0.6,2.8,1.8,17.9
2016,471,James Young,SG,20,BOS,29,0,199,2,6.5,0.306,1.1,4.7,0.231,0.9,1.8,0.5,0.2,0.7,0.25,0.7,4,4.7,1.6,1.1,0.2,0.9,3.1,5.2,MAI,20,14,6,396,6.5,16,0.409,3.2,9.1,0.35,3.4,6.9,0.487,3.2,3.9,0.814,1.1,6.6,7.7,2.4,1.4,0.9,1.7,2.2,19.5
2017,2,Quincy Acy,PF,26,TOT,38,1,558,4.5,11,0.412,2.4,5.8,0.411,2.1,5.2,0.413,2.9,3.9,0.75,1.3,6.1,7.4,1.2,0.9,1,1.4,4.3,14.3,TEX,26,12,12,383,6.4,12.8,0.5,1.5,3.9,0.39,4.9,8.9,0.547,5.2,6.8,0.764,1.7,7.5,9.2,1.3,1.8,2.3,3.1,3.9,19.5
2017,25,Wade Baldwin,PG,20,MEM,33,1,405,3.2,10.2,0.313,0.3,2,0.136,2.9,8.3,0.355,2.8,3.3,0.838,1,3.1,4.1,5.4,1.6,0.6,3.5,3.6,9.4,IOW,20,33,22,931,5.9,13.6,0.433,0.9,2.9,0.311,5,10.8,0.466,3.8,5.1,0.748,0.9,4.6,5.5,6.8,1.7,0.5,4,3.4,16.5
2017,37,Malik Beasley,SG,20,DEN,22,1,165,7.2,15.9,0.452,2,6.1,0.321,5.2,9.8,0.533,1.7,2.2,0.8,1.1,2.6,3.7,2.4,1.5,0,1.7,2.2,18.1,SFL,20,16,12,497,7.8,17.1,0.458,2.2,5.9,0.37,5.6,11.2,0.503,4.1,4.6,0.889,1.7,7.1,8.8,3,1.2,0.1,2.5,2.2,21.9
2017,52,Joel Bolomboy,PF,23,UTA,12,0,53,6.1,10.9,0.563,0.7,2.7,0.25,5.4,8.2,0.667,2,4.1,0.5,2.7,8.8,11.5,1.4,0.7,1.4,1.4,0.7,14.9,SLS,23,24,22,826,6,11,0.544,1,2,0.468,5,8.9,0.561,4.5,6.4,0.705,4.9,9,13.9,1.9,0.7,1.3,2.3,2.6,17.4
2017,59,Anthony Brown,SF,24,TOT,11,0,159,4.1,11.3,0.36,1.6,6.1,0.259,2.5,5.2,0.478,0,0,NA,1.8,5.7,7.5,1.8,1.1,0.2,1.4,3.4,9.7,ERI,24,24,24,906,6.6,14.1,0.466,2.3,4.8,0.467,4.3,9.2,0.466,4,5,0.808,0.6,4.6,5.2,3,1,0.2,3,2.6,19.4
2017,89,Quinn Cook,PG,23,TOT,14,0,188,6.3,12.6,0.5,2.1,5,0.423,4.2,7.7,0.55,0.4,1,0.4,0.2,1.1,1.3,5,0.8,0,2.5,2.5,15.1,CAN,23,39,38,1502,8.4,17.7,0.476,2.3,6.3,0.372,6.1,11.5,0.532,5.1,5.7,0.895,0.5,3.3,3.8,6.2,1.1,0.1,3.4,2.3,24.3
2017,94,Jordan Crawford,SG,28,NOP,19,0,442,8.6,17.8,0.482,3,7.7,0.389,5.5,10,0.553,1.6,2.1,0.769,0.3,2.4,2.8,4.6,0.9,0.2,2,2.4,21.7,GRR,28,37,17,1103,10.3,21.8,0.473,3.2,8.9,0.355,7.1,12.9,0.554,4.6,5.3,0.87,0.5,3.5,4,4.2,1.4,0.2,2.3,2.2,28.4
2017,101,Deyonta Davis,C,20,MEM,36,0,238,3.6,7.1,0.511,0,0,NA,3.6,7.1,0.511,1.5,2.7,0.556,3,6.1,9.1,0.3,0.5,2.6,1.2,6.1,8.8,IOW,20,11,10,306,6.5,11.8,0.55,0,0,NA,6.5,11.8,0.55,0.7,1.1,0.667,3.9,7.3,11.2,0.6,1.2,3.1,1.1,3.3,13.6
2017,109,Cheick Diallo,PF,20,NOP,17,0,199,6.5,13.7,0.474,0,0,NA,6.5,13.7,0.474,2.7,3.8,0.714,4.2,9,13.2,0.7,0.7,1.3,1.3,3.1,15.7,TOT,20,26,21,724,8.3,16.6,0.502,0,0.2,0,8.3,16.4,0.508,2.7,3.6,0.753,2.3,8.7,10.9,0.9,0.7,3.1,2.1,4.5,19.3
2017,121,Henry Ellenson,PF,20,DET,19,2,146,5.7,15.8,0.359,2.5,8.6,0.286,3.2,7.2,0.448,1,2,0.5,2,8.1,10.1,1.7,0.2,0.2,3.5,1.5,14.8,GRR,20,21,21,740,6.2,14.8,0.416,1.8,5.6,0.328,4.3,9.2,0.471,4,5,0.806,1.6,7.5,9.1,1.4,0.6,0.9,1.9,2.7,18.2
2017,132,Kay Felder,PG,21,CLE,42,0,386,5.8,14.7,0.392,0.7,2.1,0.318,5.1,12.7,0.404,3.3,4.6,0.714,0.3,3.5,3.8,5.4,1.7,0.7,2.8,3.5,15.5,CAN,21,11,11,396,10.8,23.2,0.467,1.8,5,0.364,9,18.2,0.495,6.5,7.8,0.826,0.7,2.6,3.4,6,1.5,0.4,4.2,3,29.9
2017,135,Yogi Ferrell,PG,23,TOT,46,29,1197,4.8,11.8,0.406,2,5.3,0.386,2.8,6.6,0.422,2.2,2.7,0.831,0.6,2.7,3.3,5.2,1.3,0.3,2.1,2.7,13.9,LIN,23,18,18,642,6.2,14.7,0.422,2.7,6.9,0.398,3.5,7.9,0.443,3.6,4,0.903,0.6,2.4,3,5.8,1.5,0.1,2.1,2.8,18.8
2017,137,Bryn Forbes,SG,23,SAS,36,0,285,4.5,12.5,0.364,2.1,6.7,0.321,2.4,5.8,0.413,0.6,0.8,0.833,0.3,2.7,2.9,2.9,0.1,0,1.4,2.5,11.9,AUS,23,19,19,674,8.4,16.8,0.502,3,6.5,0.459,5.4,10.3,0.528,3.9,4.5,0.869,0.4,3.2,3.5,2.7,1.3,0.1,2.5,2.3,23.8
2017,156,Archie Goodwin,SG,22,TOT,15,0,214,6.1,11.1,0.545,0.8,2.5,0.333,5.2,8.6,0.608,5.6,7.1,0.786,1.2,3.5,4.7,4,0.7,0.8,2.4,1.3,18.5,SWR,22,34,33,1112,6.1,14,0.438,0.7,3.2,0.235,5.4,10.8,0.497,5.8,8,0.724,1.7,4.1,5.8,2.5,1.3,0.3,2.6,2.3,18.7
2017,170,A.J. Hammons,C,24,DAL,22,0,163,3.8,9.3,0.405,1.1,2.2,0.5,2.7,7.1,0.375,2,4.4,0.45,1.8,6.2,8,0.9,0.2,2.9,2.2,4.6,10.6,TEX,24,15,14,385,7.5,14.6,0.513,0.5,1.9,0.25,7,12.7,0.551,1.5,1.9,0.8,2.7,7.8,10.5,1.6,0.5,2.8,2,6.5,16.9
2017,235,Damian Jones,C,21,GSW,10,0,85,3.4,6.8,0.5,0,0,NA,3.4,6.8,0.5,1.3,4.2,0.3,3.8,5.9,9.7,0,0.4,1.7,2.5,6.4,8,SAN,21,31,21,819,6.5,11.2,0.58,0,0,0,6.5,11.2,0.583,2.4,4.9,0.495,3.6,6.3,9.8,1.5,0.6,2.9,1.8,4.2,15.4
2017,236,Derrick Jones Jr.,SF,19,PHO,32,8,545,4.5,8,0.562,0.2,0.7,0.273,4.3,7.3,0.591,1.9,2.7,0.707,2.6,2.6,5.2,0.8,0.9,0.9,0.9,4.2,11.1,NAS,19,19,17,602,6.2,12.3,0.5,0.7,2.8,0.255,5.4,9.5,0.572,3.5,5.7,0.611,2.3,4.1,6.4,1.1,1.4,1.7,1.7,4.1,16.5
2017,269,Shawn Long,C,24,PHI,18,0,234,9.4,16.8,0.56,1.1,2.9,0.368,8.3,13.8,0.6,2.9,5.4,0.543,6.3,6.8,13.1,2,1.4,1.4,2,7.5,22.8,DEL,24,39,36,1149,9.8,18.4,0.536,0.3,1.4,0.217,9.5,16.9,0.563,4.7,6.8,0.691,5.2,8.4,13.6,1.9,0.7,1.6,3.6,4.3,24.7
2017,283,Jarell Martin,PF,22,MEM,42,3,558,3.7,9.7,0.384,0.6,1.6,0.36,3.2,8.1,0.389,2.6,3.2,0.8,2.7,7.7,10.5,0.5,1.1,0.6,1.8,5.9,10.6,IOW,22,22,19,619,7.3,17.6,0.413,0.7,2.3,0.3,6.6,15.3,0.43,5.1,6,0.845,3,6.7,9.7,1.5,0.9,1.4,2.8,4.5,20.3
2017,290,Chris McCullough,PF,21,TOT,16,0,80,7.2,14.4,0.5,0.5,3.2,0.143,6.8,11.3,0.6,1.4,2.3,0.6,4.1,4.5,8.6,0.9,0.9,0.9,1.4,3.2,16.2,TOT,21,43,35,1267,7.3,16.4,0.446,1.4,3.9,0.35,5.9,12.5,0.476,3.7,5.5,0.672,2.5,6.1,8.6,2,1.4,1,2.6,3.9,19.7
2017,300,Jordan Mickey,PF,22,BOS,25,1,141,3.8,8.7,0.441,0,0.3,0,3.8,8.4,0.455,2,3.6,0.571,3.3,5.4,8.7,1.8,0.8,1.5,2.3,3.1,9.7,MAI,22,12,12,391,9.4,18.2,0.515,1.3,2.9,0.438,8.1,15.3,0.53,2.9,3.8,0.756,3.3,6.4,9.7,1.7,0.9,3,2.8,3.4,22.9
2017,317,Dejounte Murray,PG,20,SAS,38,8,322,5.6,13,0.431,1,2.6,0.391,4.6,10.4,0.441,2.3,3.4,0.7,0.7,4,4.7,5.4,0.9,0.7,4.2,3.2,14.5,AUS,20,15,15,527,7,15.9,0.442,0.5,3.1,0.156,6.6,12.8,0.511,3.1,4.4,0.703,1.3,6.8,8.1,6.4,2,0.1,5.2,2.9,17.6
2017,322,Maurice Ndour,PF,24,NYK,32,4,331,4.2,9.4,0.453,0.1,0.8,0.143,4.1,8.6,0.481,2.1,2.8,0.731,2.4,4.6,7,0.9,1.6,0.9,1.3,3.3,10.7,WES,24,18,18,507,7,14.8,0.469,0.6,2.1,0.276,6.4,12.8,0.5,4.3,5.5,0.779,2.4,6.3,8.7,1.5,1.4,1.8,2.5,3.6,18.7
2017,334,David Nwaba,SG,24,LAL,20,2,397,4.3,7.3,0.58,0.1,0.5,0.2,4.2,6.9,0.605,2.3,3.5,0.641,1.5,4.2,5.7,1.3,1.2,0.6,1,3.3,10.9,LOS,24,40,31,1150,7.2,11.1,0.647,0.1,0.5,0.235,7,10.5,0.668,3.2,5.2,0.612,3.3,5.3,8.6,1.3,1.7,1.4,0.9,3.4,17.6
2017,345,Georgios Papagiannis,C,19,SAC,22,0,355,5.7,10.3,0.549,0,0.2,0,5.7,10.1,0.56,1.2,1.4,0.857,2.4,6.3,8.7,2,0.3,1.7,2.4,4.5,12.6,REN,19,23,20,739,6.9,13.6,0.509,0.1,0.3,0.5,6.8,13.3,0.509,1.4,1.9,0.763,2.7,6.4,9.1,0.5,0.6,2.9,2.1,3.4,15.4
2017,357,Marshall Plumlee,C,24,NYK,21,1,170,3.4,6.4,0.533,0,0,NA,3.4,6.4,0.533,1.7,4,0.421,4.9,5.9,10.8,2.1,0.8,0.8,2.5,4.9,8.5,WES,24,15,15,461,5.3,9.4,0.562,0,0,NA,5.3,9.4,0.562,3.8,6.2,0.62,3.4,7.3,10.7,0.9,0.7,1.5,2.8,3.1,14.4
2017,368,Tim Quarterman,SG,22,POR,16,0,80,5.9,13.1,0.448,2.3,5.9,0.385,3.6,7.2,0.5,0,1.4,0,1.8,4.5,6.3,5,0.9,1.4,5,2.7,14,TOT,22,22,14,678,5,13.9,0.364,1,4.7,0.216,4,9.2,0.439,2,2.7,0.725,1.7,5.6,7.3,8.3,2,0.4,4.2,2.7,13.1
2017,369,Chasson Randle,PG,23,TOT,26,0,299,4.8,11.8,0.408,1.9,5.7,0.34,2.9,6.1,0.471,4.9,5.2,0.953,0.7,3.1,3.9,4.1,1.1,0.2,2.3,4.7,16.5,TOT,23,21,21,681,7.5,17.6,0.426,2.9,7,0.417,4.6,10.6,0.433,4.9,6,0.814,0.7,3.2,3.9,4.2,1.2,0.2,3.9,3.8,22.8
2017,375,Malachi Richardson,SG,21,SAC,22,0,198,5.1,12.4,0.412,1.5,5.1,0.286,3.6,7.3,0.5,2.7,3.5,0.789,0.5,3.6,4.2,2,0.9,0.2,1.5,4.2,14.4,REN,21,11,10,385,6.5,15.1,0.426,2.1,4.7,0.44,4.4,10.5,0.42,6.6,8.7,0.763,0.4,4,4.4,1.5,0.9,0,3.6,3.4,21.6
2017,398,Wayne Selden,SG,22,TOT,14,5,236,3.8,8.8,0.431,1.1,4.3,0.25,2.7,4.6,0.6,2.1,3.4,0.636,0.2,2.3,2.4,2,0.9,0.2,1.8,2.7,10.8,IOW,22,35,21,1070,8,17.9,0.449,2.6,7.3,0.349,5.5,10.6,0.519,3.1,4.8,0.65,1.5,4.1,5.6,3.4,1,0.6,2.8,2.2,21.8
2017,426,Hollis Thompson,SG,25,TOT,40,9,752,3.7,9.6,0.385,1.5,4.5,0.337,2.2,5,0.429,0.9,1.4,0.655,0.9,4.5,5.4,1.7,1,0.3,0.5,3.3,9.8,AUS,25,16,7,426,7.3,15,0.486,2.1,4.8,0.439,5.2,10.1,0.508,2.8,3.5,0.786,1.4,5.2,6.5,1.8,0.9,0.6,1.7,4.1,19.4
2017,442,Fred VanVleet,PG,22,TOR,37,0,294,4.8,13.6,0.351,1.3,3.6,0.379,3.4,10,0.341,2.2,2.7,0.818,0.5,4.7,5.1,4.3,2,0.4,1.8,4.4,13.1,RAP,22,16,16,518,6.2,15.2,0.406,1.5,3.8,0.407,4.7,11.5,0.406,4.9,5.8,0.843,0.8,3.1,3.9,8.5,1.7,0.1,3.1,2.2,18.8
2017,456,Briante Weber,PG,24,TOT,20,0,205,4.4,10.5,0.417,0.2,1.8,0.1,4.2,8.8,0.48,1.9,2.8,0.688,1.4,3.2,4.6,3.7,2.1,0.2,1.4,2.8,10.9,SFL,24,31,31,1141,6.2,13.5,0.455,1.2,3.3,0.356,5,10.3,0.486,2.7,3.4,0.778,1.6,5.7,7.4,7.2,3.2,0.2,3,2.7,16.1
2017,459,Okaro White,PF,24,MIA,35,0,471,2.5,6.6,0.379,0.9,2.6,0.353,1.6,4.1,0.396,1.5,1.7,0.909,1.9,4.4,6.3,1.6,0.8,0.8,1.4,4,7.5,SFL,24,23,23,759,6.8,15.6,0.439,1.8,6,0.302,5,9.6,0.525,4.6,5.4,0.86,2.8,6.8,9.5,1.9,1.2,0.6,3.4,4.4,20.1
2017,470,Troy Williams,SF,22,TOT,30,16,557,4.7,10.8,0.437,1.2,4,0.29,3.6,6.8,0.524,1.4,2.1,0.656,1,3.5,4.5,1.6,1.7,0.6,2.1,3.9,12,TOT,22,33,15,749,8.6,18.6,0.461,2.5,7.5,0.331,6.1,11,0.55,4.1,5.6,0.726,1.6,5.5,7.1,2.5,1.4,0.2,3.2,4.5,23.7
2017,471,Kyle Wiltjer,PF,24,HOU,14,0,44,3.3,11.5,0.286,3.3,10.6,0.308,0,0.8,0,0.8,1.6,0.5,3.3,4.9,8.2,1.6,2.5,0.8,4.1,3.3,10.6,RIO,24,22,22,789,7.1,17.1,0.416,3.7,9.8,0.377,3.4,7.3,0.469,2.6,3,0.864,1.4,5.1,6.4,1.7,0.5,0.8,2,2.3,20.5
2017,474,Christian Wood,PF,21,CHO,13,0,107,4,7.7,0.522,0,1.7,0,4,6.1,0.667,3.7,5,0.733,4.7,5,9.8,0.7,1,2,2.4,3.7,11.8,SWR,21,18,16,540,8.9,17.5,0.506,0.8,3.4,0.235,8.1,14.1,0.571,4.9,6.8,0.725,3,9.1,12.1,1.3,0.5,3.1,2.7,2.7,23.5
2017,484,Stephen Zimmerman,C,20,ORL,19,0,108,3.3,10.3,0.323,0,0,NA,3.3,10.3,0.323,1,1.7,0.6,3.7,8,11.7,1.3,0.7,1.7,1,5.7,7.7,ERI,20,21,21,627,6.7,13.8,0.485,0,0.1,0,6.7,13.8,0.488,2.7,4.4,0.618,2.6,8,10.7,1.7,1.4,1.6,2.8,4.5,16.1
2017,486,Ivica Zubac,C,19,LAL,38,11,609,7.4,14.1,0.529,0,0.2,0,7.4,13.9,0.536,1.9,2.9,0.653,2.4,7,9.4,1.8,0.8,2,1.8,3.9,16.8,LOS,19,14,14,421,8,13.8,0.584,0.3,0.9,0.364,7.7,12.8,0.6,2.5,3,0.829,2.5,9.1,11.6,1.5,0.3,1.2,3.8,4.1,18.9
2018,9,Kadeem Allen,PG,25,BOS,18,1,107,2,7.4,0.273,0,3.7,0,2,3.7,0.545,2.4,3,0.778,1.3,2.4,3.7,4,1,0.7,3,5,6.4,MAI,25,34,33,1173,7,15.6,0.449,1.3,4.3,0.3,5.7,11.3,0.505,3.2,4.4,0.732,1.6,4.2,5.7,5.1,2.3,0.7,2.5,2.5,18.5
2018,15,Ike Anigbogu,C,19,IND,11,0,30,4.8,10.8,0.444,0,0,NA,4.8,10.8,0.444,6,7.2,0.833,6,4.8,10.8,0,1.2,3.6,2.4,1.2,15.6,FOR,19,20,20,491,5.4,10.3,0.525,0,0.1,0,5.4,10.2,0.532,1.9,2.7,0.703,2.1,7.2,9.3,1.6,0.4,2.5,1.8,3.7,12.8
2018,19,Ryan Arcidiacono,PG,23,CHI,24,0,304,2,4.9,0.415,1.1,3.7,0.29,0.9,1.2,0.8,0.6,0.7,0.833,0.1,2.8,3,4.1,1.5,0,1.5,2.1,5.7,WCB,23,37,37,1463,4.2,9.2,0.456,1.8,4.1,0.446,2.3,5,0.463,2.5,3,0.833,0.5,4.1,4.6,7.8,1.6,0.1,2.5,2.7,12.7
2018,22,Jamel Artis,SG,25,ORL,15,1,279,4,10.2,0.392,1,3.7,0.276,3,6.5,0.46,0.9,1.5,0.583,0.5,4.4,4.9,2.3,0.3,0.4,1,1.4,9.9,LKL,25,46,46,1727,7.1,15.3,0.463,1.9,5.3,0.348,5.2,9.9,0.525,2.7,3.4,0.79,1.4,4.3,5.6,2.3,1.2,0.4,2.2,2.4,18.7
2018,46,Khem Birch,C,25,ORL,42,0,578,4.2,7.8,0.54,0,0,NA,4.2,7.8,0.54,2.6,3.8,0.689,4.4,6.9,11.2,2.1,0.9,1.3,1.3,3.5,11.1,LKL,25,21,20,668,6.3,10.5,0.603,0,0,NA,6.3,10.5,0.603,3.2,4,0.787,3.7,7.2,10.9,2.7,1.3,2.9,2.4,3.1,15.8
2018,47,Jabari Bird,SG,23,BOS,13,1,115,4.7,8.1,0.577,0.9,2.2,0.429,3.8,5.9,0.632,1.9,4.1,0.462,1.9,4.1,5.9,2.5,0.9,0.3,2.5,2.2,12.2,MAI,23,20,20,703,7.9,15.4,0.517,1.9,6,0.325,6,9.4,0.639,1.9,3.2,0.597,1.7,4.1,5.9,2.8,1.4,0.5,2.3,1.9,19.7
2018,51,Antonio Blakeney,SG,21,CHI,19,0,314,6.1,16.4,0.371,1.7,6,0.288,4.4,10.4,0.418,3.4,4.5,0.769,0.5,3.3,3.8,2.3,0.8,0.1,1.3,2.2,17.3,WCB,21,32,32,1224,10.3,22.4,0.462,2.6,7.5,0.354,7.7,14.9,0.516,6.8,7.9,0.862,0.7,5.6,6.3,3.7,1.1,0.4,2.7,1.7,30.1
2018,71,Lorenzo Brown,PG,27,TOR,14,0,139,3.6,8.8,0.412,0.5,3.1,0.167,3.1,5.7,0.545,0.5,0.5,1,0.3,3.6,3.9,3.4,1.3,0,0.8,1.8,8.3,RAP,27,32,32,1064,7.9,16.8,0.468,1.2,3.6,0.33,6.7,13.3,0.505,3.3,4.2,0.792,0.6,5,5.6,9.6,1.9,0.2,4,2.3,20.3
2018,75,Thomas Bryant,C,20,LAL,15,0,72,4,10.5,0.381,0.5,5,0.1,3.5,5.5,0.636,2.5,4.5,0.556,1.5,7,8.5,3,0.5,1,1,3,11,SBL,20,37,35,1135,9,15.1,0.597,2.1,5.8,0.364,6.9,9.3,0.743,2.9,4.4,0.674,2.3,6.3,8.6,2.4,0.7,1.7,1.9,2.6,23.1
2018,77,Trey Burke,PG,25,NYK,36,9,785,8.9,17.6,0.503,1.7,4.8,0.362,7.1,12.8,0.556,1.7,2.6,0.649,0.6,2.7,3.3,7.8,1.1,0.2,2,2,21.1,WES,25,26,26,961,9.6,19.7,0.489,2.6,6.2,0.418,7,13.5,0.521,4,4.9,0.831,0.6,2.6,3.2,5.2,1.9,0.2,2.7,1.7,25.9
2018,80,Dwight Buycks,PG,28,DET,29,0,427,6.9,16.7,0.414,1.3,3.8,0.333,5.6,12.9,0.438,3,3.5,0.878,1,2.4,3.5,5,1.6,0.2,3.3,3.3,18.1,GRR,28,10,10,356,8.4,19.3,0.435,2,5.7,0.357,6.4,13.7,0.467,3.5,4.4,0.795,0.7,3.6,4.3,3.8,0.9,0.1,3,1.5,22.3
2018,81,Bruno Caboclo,SF,22,TOT,12,0,107,3,10.4,0.29,1,5.7,0.176,2,4.7,0.429,1.7,2,0.833,2.4,5,7.4,1.3,1,1.3,1.3,2.7,8.7,TOT,22,36,34,1088,6.1,15.2,0.398,2.8,8.2,0.341,3.2,7,0.464,2,2.3,0.831,2.1,5.6,7.7,1.6,1.6,1.9,2.3,2.9,16.9
2018,89,Alex Caruso,PG,23,LAL,37,7,562,3.2,7.4,0.431,0.8,2.8,0.302,2.4,4.7,0.507,1.3,1.9,0.7,1,3.2,4.2,4.8,1.5,0.6,2.7,3.3,8.6,SBL,23,29,25,889,7.6,15.3,0.499,1.7,4.5,0.387,5.9,10.8,0.545,5.3,6.4,0.824,0.9,3.6,4.5,9.1,2.3,0.5,4.9,3,22.3
2018,92,Tyler Cavanaugh,PF,23,ATL,39,1,518,4.7,10.6,0.441,2.2,6.2,0.36,2.4,4.4,0.556,1.2,1.5,0.81,3.1,5.7,8.8,1.9,0.6,0.3,1,4.2,12.7,HAW,23,11,5,260,8,16.5,0.487,3.2,7.1,0.451,4.8,9.4,0.515,2.8,2.9,0.952,4.2,6.9,11.1,0.7,0.7,0.7,1.8,4,22
2018,103,Kyle Collinsworth,SF,26,DAL,32,2,480,2.8,7.4,0.384,0.3,1.3,0.235,2.5,6.1,0.415,1.6,3,0.525,2.4,5.6,8,4.2,1.3,0.7,1.8,3.3,7.6,TEX,26,20,19,713,4.4,9.1,0.483,0.7,2.1,0.317,3.7,7,0.532,1.6,2.9,0.552,2.7,6.1,8.8,5.5,1.8,0.3,2.7,1.9,11.1
2018,108,Quinn Cook,PG,24,GSW,33,18,740,5.9,12.3,0.484,2.2,5.1,0.442,3.7,7.2,0.514,1.1,1.2,0.88,0.5,3.5,4,4.3,0.6,0,1.6,2.9,15.2,SAN,24,29,29,1042,9.3,17.7,0.524,2.9,6.6,0.437,6.4,11.2,0.576,3.9,4.1,0.95,0.5,4.2,4.7,8.1,1,0.3,3.9,2.2,25.4
2018,109,Charles Cooke,SG,23,NOP,13,0,38,1.9,13.3,0.143,0.9,7.6,0.125,0.9,5.7,0.167,0.9,1.9,0.5,0,1.9,1.9,0.9,0.9,0,0.9,0,5.7,TOT,23,25,10,633,6.8,15,0.452,1.4,5.1,0.278,5.3,9.8,0.543,3.1,5.2,0.604,1.1,4.5,5.7,2.6,1.9,0.5,3.5,2,18.1
2018,115,Torrey Craig,SF,27,DEN,39,5,629,3.5,7.8,0.453,1,3.3,0.293,2.6,4.5,0.57,1.3,2,0.629,2.3,5,7.3,1.4,0.7,0.9,1.1,3.6,9.3,SFL,NA,15,12,523,8.5,17.8,0.477,2.7,7,0.386,5.8,10.8,0.535,4.1,5.2,0.787,2.7,5.7,8.4,3.6,1.2,2.1,2.7,2.7,23.7
2018,134,Tyler Dorsey,SG,21,ATL,56,5,974,5.3,14.1,0.377,2.7,7.4,0.362,2.7,6.8,0.393,1.7,2.3,0.714,0.6,4.2,4.8,2.9,0.6,0.2,1.4,2.3,15,HAW,21,10,8,330,7.3,17,0.429,3.8,8.8,0.432,3.5,8.2,0.427,2.4,3.2,0.759,1.6,5.5,7.1,2.7,1.5,0.2,2,1.7,20.8
2018,135,Damyean Dotson,SG,23,NYK,44,2,474,5.5,12.2,0.447,1.7,5.2,0.324,3.8,7.1,0.538,1.2,1.7,0.696,0.7,5.7,6.4,2.4,0.9,0.2,1.3,2.6,13.8,WES,23,13,13,461,7.2,14.7,0.489,2.3,6.1,0.385,4.8,8.6,0.564,1.8,2.3,0.767,0.4,5.7,6.1,2.6,1,0.1,2.8,1.9,18.5
2018,136,Milton Doyle,SG,24,BRK,10,0,125,3.7,13.5,0.277,1.2,6.6,0.174,2.6,6.9,0.375,1.2,2.3,0.5,0.9,4.3,5.2,2.9,1.7,0.6,0.6,3.7,9.8,LIN,24,45,44,1591,7.7,18.4,0.418,3.3,9,0.371,4.3,9.3,0.464,2.2,2.9,0.778,1.2,5.2,6.3,4.5,1.5,0.5,3.4,2.9,20.9
2018,156,Kay Felder,PG,22,TOT,16,0,140,5.4,18,0.3,1,4.9,0.211,4.4,13.1,0.333,2.8,3.1,0.917,0.8,3.9,4.6,5.1,0.8,0.3,4.1,2.8,14.7,TOT,22,20,19,600,7.3,17.8,0.411,1.7,5.3,0.318,5.6,12.5,0.45,3.8,4.3,0.887,0.8,3.7,4.6,6.9,1.9,0.5,4.3,3.4,20.1
2018,203,Shaquille Harrison,PG,24,PHO,23,2,384,5.5,11.6,0.476,0.6,2.4,0.231,5,9.2,0.541,2.6,3.6,0.737,0.8,4.9,5.7,5.2,2.4,0.7,2.1,3.9,14.2,NAS,24,36,7,1076,5.2,11.1,0.462,1.1,3.5,0.321,4,7.6,0.529,1.8,2.8,0.655,1.4,4.2,5.6,4.2,2.3,0.5,2.1,3.1,13.3
2018,209,Myke Henry,SF,25,MEM,20,0,378,3.9,10.4,0.376,1.8,5.5,0.328,2.1,4.9,0.431,0.6,1,0.6,1,2.7,3.6,2.1,3,0.6,1.8,2.7,10.2,TOT,25,38,1,1076,7.6,15.1,0.502,2.6,6.6,0.394,5,8.4,0.587,3.1,4.1,0.754,1.1,5.5,6.6,2.7,2,0.7,3,3.5,20.8
2018,214,Isaiah Hicks,PF,23,NYK,18,0,240,5,10.8,0.458,0.3,1.4,0.222,4.6,9.5,0.492,1.8,2.7,0.667,1.5,4.6,6.1,2.4,0.3,0.6,2.4,6.8,12,WES,23,37,36,1093,7.4,12.9,0.577,0.1,0.3,0.333,7.3,12.6,0.582,4.1,5,0.809,3.2,6.3,9.5,1.8,1,2.5,2.6,4.8,19
2018,219,Darrun Hilliard,SG,24,SAS,14,0,95,1.9,7.2,0.263,0,2.3,0,1.9,4.9,0.385,2.3,2.7,0.857,0,2.7,2.7,4.2,0.8,0,1.5,2.7,6.1,AUS,24,36,31,1023,9.2,19.4,0.475,2.8,7,0.4,6.4,12.3,0.517,5,5.9,0.845,0.6,5.1,5.7,4.8,1.3,0.4,4,2.5,26.2
2018,222,John Holland,SF,29,CLE,24,0,174,3.5,12.2,0.288,2.3,7.4,0.306,1.2,4.8,0.261,1.9,2.7,0.692,1.2,3.7,5,1,1.4,0.4,1.7,2.1,11.2,CAN,29,24,23,788,6.8,16.3,0.419,3.1,8.7,0.358,3.7,7.6,0.488,2.9,3.8,0.759,0.6,3.3,4,3,1.8,0.1,2.6,2.8,19.6
2018,228,Danuel House,SG,24,PHO,23,3,403,5,11.5,0.434,1.3,5.2,0.259,3.7,6.3,0.577,2.2,2.8,0.806,1.2,5.6,6.8,2.2,0.6,0.5,1,2.1,13.6,TOT,24,35,23,1128,6.5,14.1,0.465,3.1,8,0.386,3.4,6.1,0.568,3.8,4.7,0.815,1,5.3,6.3,3.1,1.2,0.5,2.6,2.3,20
2018,244,Demetrius Jackson,PG,23,TOT,15,0,80,3.2,8.1,0.389,0.5,3.2,0.143,2.7,5,0.545,0.5,0.9,0.5,2.3,3.2,5.4,4.1,2.3,0.5,4.5,3.2,7.2,TOT,23,26,15,749,6.6,14.3,0.465,1.8,5,0.359,4.9,9.3,0.521,3.4,4.2,0.807,1.1,3.5,4.5,5.4,1.5,0.3,2.7,2.7,18.5
2018,255,Brice Johnson,PF,23,TOT,18,0,98,7.3,15.4,0.476,0,0.4,0,7.3,15.1,0.488,1.1,1.8,0.6,3.3,8.1,11.4,0.7,3.3,2.2,1.8,4.8,15.8,TOT,23,26,23,714,7.3,15.1,0.48,0.7,2.7,0.264,6.6,12.5,0.526,2.3,3.1,0.726,2.1,10.2,12.3,1.8,1,1.3,3.3,3.7,17.5
2018,256,Dakari Johnson,C,22,OKC,31,6,161,4.9,8.7,0.564,0,0,NA,4.9,8.7,0.564,2.5,4.5,0.55,3.6,4,7.6,1.8,1.3,1.8,0.7,6,12.3,OKL,22,10,10,319,10.6,18.1,0.588,0,0,NA,10.6,18.1,0.588,5.1,8.1,0.625,5.9,5.4,11.3,3.4,0.3,1.2,3.5,3.2,26.3
2018,264,Damian Jones,C,22,GSW,15,0,89,4.4,8.9,0.5,0,0,NA,4.4,8.9,0.5,1.2,2,0.6,2,3.6,5.7,0.8,0.4,1.2,1.6,5.7,10.1,SAN,22,45,45,1378,7.3,10.7,0.678,0.1,0.1,0.5,7.2,10.6,0.68,3,4.3,0.697,2.8,6.7,9.5,2.3,0.7,2.6,2.4,3.7,17.6
2018,265,Derrick Jones Jr.,SF,20,TOT,20,8,245,3.1,7.8,0.396,0.4,2.6,0.167,2.6,5.1,0.514,2.4,3.5,0.667,3.1,2.5,5.6,1.3,0.6,1.9,1,3.5,9,TOT,20,29,22,841,7.9,15.8,0.497,2,5.8,0.338,5.9,10,0.59,3.9,5.7,0.692,2,7.3,9.3,2.3,1.6,2.2,2,3.2,21.7
2018,266,Jalen Jones,SF,24,TOT,16,0,181,5.2,13.5,0.382,2,5.2,0.385,3.2,8.4,0.381,2.4,3.8,0.632,2.6,5,7.6,0.8,1,0.2,1.4,4.4,14.7,TOT,24,32,21,1005,7.6,16.2,0.466,1.4,5.1,0.28,6.1,11.1,0.552,5.8,7.5,0.784,2.1,5.8,7.8,2.5,0.9,0.5,2.8,3.3,22.4
2018,277,Luke Kornet,PF,22,NYK,20,1,326,5.4,13.8,0.392,3.1,8.7,0.354,2.3,5.1,0.457,0.9,1.2,0.727,1.2,5.9,7.1,2.9,0.7,1.8,1.3,3.1,14.8,WES,22,36,35,1168,6.6,13.6,0.489,2.8,6.4,0.44,3.8,7.2,0.532,1.7,2.1,0.812,1.3,5.5,6.8,2.8,0.8,1.8,1.6,2.3,17.8
2018,290,Damion Lee,SG,25,ATL,15,11,404,5.5,13.5,0.408,1.3,5.3,0.25,4.2,8.2,0.511,2,2.6,0.759,1,5.3,6.3,2.6,1.7,0.1,1.2,2.2,14.3,SAN,25,38,13,1129,6.3,14,0.454,1.6,5.2,0.305,4.8,8.7,0.544,4.8,5.3,0.915,1,4.9,6,3.2,1.8,0.2,2.8,2.7,19.1
2018,310,Josh Magette,PG,28,ATL,18,0,216,2.5,7.7,0.326,1.3,3.7,0.364,1.2,4,0.292,1.3,1.3,1,0.3,2.8,3.2,9.5,1.3,0.2,1.5,2.7,7.7,HAW,28,36,34,1252,5.3,14.1,0.374,1.8,6,0.3,3.5,8.2,0.428,3.3,4.1,0.804,0.4,3.1,3.5,10.4,2,0.1,3.2,2.6,15.7
2018,325,Chris McCullough,PF,22,WAS,19,0,90,7.2,16.8,0.429,0.4,3.2,0.125,6.8,13.6,0.5,3.6,5.6,0.643,2.8,7.2,10,1.6,0,2,0.8,3.2,18.4,TOT,22,12,0,260,6.1,15.4,0.396,1,3.6,0.269,5.1,11.8,0.435,5.1,6.4,0.804,3.2,7.5,10.7,2.5,2.8,1.7,4,4.2,18.3
2018,330,Alfonzo McKinnie,SF,25,TOR,14,0,53,5.4,10.2,0.533,2,6.1,0.333,3.4,4.1,0.833,1.4,2,0.667,0.7,4.1,4.8,0.7,0.7,0.7,2,5.4,14.3,RAP,25,35,35,1047,6.5,14.6,0.447,1.9,5.3,0.348,4.7,9.3,0.504,1.9,2.6,0.714,2.2,6.9,9.1,1.6,0.9,0.4,2.5,3.1,16.8
2018,339,Malcolm Miller,SF,24,TOR,15,4,126,3.7,8,0.464,2.3,6,0.381,1.4,2,0.714,1.1,1.1,1,1.1,3.1,4.3,0.9,0.3,0.6,1.4,2.9,10.9,RAP,24,34,22,947,5.2,11.9,0.438,2.8,7.4,0.379,2.4,4.5,0.534,3,3.8,0.798,1.7,5,6.7,2.1,1.1,0.6,1.7,2.1,16.2
2018,355,Johnathan Motley,PF,22,DAL,11,4,176,8.2,15.3,0.533,0.2,1.2,0.167,8,14.1,0.565,3.1,5.7,0.536,2.9,7.2,10,1.4,0.6,0.4,1.8,3.7,19.6,TEX,22,34,34,1104,9.9,17.5,0.565,0.5,1.6,0.28,9.4,15.8,0.595,4.4,6.3,0.698,3.6,7.3,10.9,2.2,1,1.2,2.5,3.7,24.6
2018,380,Emeka Okafor,C,35,NOP,26,19,353,4.9,9.7,0.505,0,0,NA,4.9,9.7,0.505,1.8,2.2,0.818,4.8,7.4,12.2,0.8,0.8,2.5,1.3,3.1,11.6,DEL,35,26,19,518,5.1,8.4,0.612,0,0,NA,5.1,8.4,0.612,2.1,3,0.698,5.6,9,14.5,2.5,0.8,1.7,2.8,3,12.4
2018,389,Georgios Papagiannis,C,20,TOT,17,0,122,5.3,12.4,0.429,0,0,NA,5.3,12.4,0.429,0,0,NA,3.8,7.1,10.9,2.7,1.2,1.8,2.4,3.5,10.6,REN,20,10,10,271,8,15.3,0.522,0,0.1,0,8,15.1,0.526,2,2.5,0.789,3.7,9.2,12.9,1.5,0.5,2,3.2,4.4,17.9
2018,400,Gary Payton II,PG,25,TOT,23,6,221,4.9,12.1,0.405,1,4.1,0.24,3.9,8,0.49,0.5,1.5,0.333,2.1,5,7.2,3.4,1.1,0.5,1.1,4.9,11.2,TOT,25,20,5,581,8.6,18.3,0.47,1.2,4.8,0.247,7.4,13.6,0.548,3.2,4.4,0.718,1.8,5.9,7.7,5.7,2.5,0.8,4.2,3.8,21.6
2018,402,London Perrantes,PG,23,CLE,14,0,66,1.1,7.1,0.154,0,1.6,0,1.1,5.5,0.2,1.6,2.7,0.6,0.5,1.6,2.2,2.7,1.1,0.5,0.5,3.3,3.8,CAN,23,35,35,1279,3.9,10.4,0.378,1.6,5.1,0.309,2.4,5.3,0.444,2.3,2.7,0.835,0.4,2.9,3.3,7.7,1.2,0,2.9,2.7,11.7
2018,403,Alec Peters,PF,22,PHO,20,0,225,4.5,11.8,0.378,2.9,9.3,0.31,1.6,2.6,0.625,1.3,1.6,0.8,1.3,4.6,5.9,1.9,0.3,0.3,0.6,2.1,13.1,NAS,22,35,35,1188,6.5,13.9,0.467,3.9,9.6,0.411,2.5,4.3,0.592,1.7,2,0.851,1.8,5.8,7.5,2.1,0.6,0.3,1.2,3,18.6
2018,416,Rodney Purvis,SG,23,ORL,16,2,290,4.3,13.3,0.327,1.6,6.5,0.25,2.7,6.8,0.4,1.6,1.9,0.867,0.1,3.2,3.4,2.1,0.4,0.4,1.2,3.2,11.9,LKL,23,39,38,1481,7.2,16.8,0.426,2.9,7.3,0.395,4.3,9.5,0.449,2.2,2.8,0.778,0.5,3.1,3.7,3.3,1.3,0.2,2,1.8,19.4
2018,417,Zhou Qi,C,22,HOU,18,0,124,1.7,9.3,0.188,0.6,5.5,0.105,1.2,3.8,0.308,2.3,3.5,0.667,1.7,4.6,6.4,0.6,0.6,4.1,2.9,4.1,6.4,RIO,22,24,19,621,6,11.7,0.51,1.6,4.9,0.333,4.3,6.8,0.636,1.8,3.2,0.564,2.6,6.1,8.7,1.5,0.8,3.2,2.5,3.9,15.4
2018,419,Ivan Rabb,PF,20,MEM,36,5,516,6,10.6,0.566,0,0,NA,6,10.6,0.566,2,2.5,0.806,3.7,7.3,11,2.2,0.8,0.9,2.4,3.8,14,MEM,20,18,13,502,7.8,13.8,0.565,0.4,0.7,0.5,7.5,13.1,0.568,3.7,4.9,0.75,4.1,8.1,12.2,2.7,1.1,2.2,2.2,3.4,19.6
2018,424,Davon Reed,SG,22,PHO,21,1,242,3.3,11.3,0.289,1.6,5.7,0.289,1.6,5.7,0.289,1.2,1.8,0.667,0.3,5.5,5.8,1.9,1.5,0.3,1.5,2.5,9.4,NAS,22,12,8,303,4.4,13.9,0.316,1.9,6.7,0.286,2.5,7.2,0.344,4,5.1,0.791,0.8,5.8,6.7,4,1,1.1,2.9,3.9,14.7
2018,427,Malachi Richardson,SG,22,TOT,26,4,324,3.3,10,0.333,1.3,4.4,0.3,2,5.6,0.36,1.9,2.4,0.773,0.6,3.2,3.8,1.4,1.1,0.1,1.1,3,9.9,TOT,22,18,14,425,4.5,13.6,0.329,1.9,6.1,0.306,2.6,7.5,0.348,2.5,3,0.857,0.7,5.3,6,2.6,1.9,0.2,2.6,3.3,13.4
2018,439,JaKarr Sampson,SF,24,SAC,22,6,344,4.6,8.5,0.543,0.5,1,0.5,4.1,7.4,0.549,1,1.7,0.625,2.2,6,8.2,0.9,0.8,2.3,0.8,5,10.8,REN,24,35,33,1003,9.1,17.8,0.511,0.5,1.6,0.295,8.6,16.2,0.532,3.8,5,0.77,1.4,7.5,8.9,1.1,1.3,1.1,2,3.2,22.5
2018,452,Kobi Simmons,PG,20,MEM,32,12,643,4.5,10.6,0.423,0.6,2.2,0.282,3.9,8.4,0.46,1.4,1.4,1,0.8,2,2.8,3.8,1,0.3,2.5,3.4,11,MEM,20,26,26,804,6.2,14.2,0.437,1.3,3.7,0.361,4.9,10.5,0.464,3.8,5,0.766,0.9,2.1,3.1,4.5,1.2,0.3,3,3.3,17.6
2018,467,Caleb Swanigan,PF,20,POR,27,3,189,4.6,11.4,0.4,0.2,1.5,0.125,4.4,9.9,0.442,2.3,3.4,0.667,2.9,7.4,10.3,2.7,1,0.6,3.4,7,11.6,CAN,20,14,12,424,6.5,13.1,0.5,0.7,2.2,0.308,5.9,10.9,0.539,3.1,4.7,0.673,3.6,10.5,14.1,3.1,1.3,1.1,3.3,3.5,16.9
2018,499,Tyrone Wallace,PG,23,LAC,30,19,851,4.7,10.4,0.445,0.4,1.7,0.25,4.2,8.8,0.483,2.6,3.3,0.782,0.9,3.6,4.4,3,1.1,0.5,1.9,3.5,12.3,ACC,23,26,25,863,9.8,19.5,0.505,0.6,2.6,0.242,9.2,16.9,0.546,4.2,6.2,0.671,1.7,5.3,7,5.8,1.6,1,4,2.8,24.5
2018,504,Travis Wear,SF,27,LAL,17,0,228,3.9,11.4,0.347,2.7,7.4,0.362,1.3,3.9,0.32,1.3,1.3,1,0,6,6,1.1,0.6,0.8,0.9,4.7,11.8,SBL,27,34,29,1010,7,15.8,0.445,3.5,8.3,0.419,3.5,7.4,0.474,2.1,2.5,0.855,1.2,8.6,9.8,2.4,0.9,0.5,1.5,2.6,19.6
2018,505,James Webb III,SF,24,BRK,10,0,120,1.8,7.2,0.25,1.2,5.7,0.211,0.6,1.5,0.4,0,0,NA,2.4,4.8,7.2,1.2,0.3,0,1.2,3,4.8,TOT,24,40,24,1147,5.1,12.5,0.412,3.2,8.6,0.371,1.9,3.9,0.504,2.6,3.4,0.785,1.5,6.9,8.4,1.8,1.6,0.6,1.7,3.4,16.1
2018,506,Briante Weber,PG,25,TOT,18,0,237,2.9,6.5,0.442,0.6,1.7,0.364,2.3,4.9,0.469,1.2,1.5,0.8,1.2,4.1,5.3,3.3,2.7,0.8,2.3,4.3,7.6,TOT,25,28,28,962,6.7,13.1,0.51,1.1,3.4,0.33,5.5,9.7,0.574,2.5,2.9,0.846,1.6,5.2,6.8,7.3,2.8,0.1,3.6,3,16.9
2018,509,Andrew White,SF,24,ATL,15,0,209,4.3,12.6,0.342,3.1,8.4,0.367,1.2,4.1,0.292,0.2,0.7,0.25,0.7,5.2,5.9,1,0.5,0.2,1.4,2.1,11.9,TOT,24,39,24,1194,6.5,14.4,0.45,3,7.4,0.405,3.5,7,0.498,2.3,2.8,0.819,0.7,4.5,5.2,1.4,0.7,0.3,1.6,2.3,18.3
2018,510,Derrick White,PG,23,SAS,17,0,139,4.1,8.5,0.485,2.1,3.4,0.615,2.1,5.2,0.4,3.6,5.2,0.7,1.3,5.4,6.7,2.3,1,0.8,1.6,2.1,14,AUS,23,24,24,676,9.2,20.4,0.452,2.6,7.8,0.329,6.7,12.6,0.527,4.7,5.4,0.873,1.6,4.8,6.4,4.3,1.7,1.5,3.1,2.1,25.7
2018,512,Isaiah Whitehead,PG,22,BRK,16,0,180,8,17.2,0.465,1.4,3.6,0.389,6.6,13.6,0.485,2.6,3.8,0.684,0.8,4.4,5.2,4,1.6,0.4,4.8,4.6,20,LIN,22,30,24,860,10.2,22.6,0.449,2.6,7.2,0.363,7.6,15.5,0.489,5,5.9,0.845,0.7,4,4.7,4.4,1.5,0.4,4.3,3.6,28
2018,516,Damien Wilkins,SF,38,IND,19,1,152,3.1,9.2,0.333,0.9,4.3,0.222,2.1,5,0.429,0.7,0.9,0.75,1.2,2.6,3.8,2.1,0.5,0.2,1.2,1.7,7.8,SWR,38,15,15,501,8.1,16.5,0.491,2.3,5.4,0.427,5.8,11.1,0.523,6.8,7.5,0.904,0.9,5.8,6.8,5.2,1.1,0.6,3.3,2.2,25.3
2018,518,C.J. Williams,SG,27,LAC,38,17,707,4.4,10,0.442,1.1,4,0.282,3.3,6.1,0.546,0.7,0.8,0.813,0.6,2.2,2.9,2.2,1.6,0.7,1,3.2,10.6,ACC,27,16,13,471,6.8,16.2,0.42,3.4,8.9,0.379,3.4,7.3,0.469,3.2,3.7,0.875,0.8,4,4.7,3.2,1.5,0.8,2.1,3.4,20.2
2018,523,Troy Williams,SF,23,TOT,21,1,307,6,12.8,0.468,1.3,4.5,0.289,4.7,8.3,0.563,2.3,3.5,0.667,2.6,4.8,7.4,1.9,2.3,0.5,2.2,4,15.6,RIO,23,19,17,551,8.8,18.9,0.462,3.1,9.4,0.333,5.6,9.5,0.589,3.9,5,0.766,1.6,5.9,7.5,2.7,2.4,0.2,3.1,3.1,24.5
2018,524,D.J. Wilson,PF,21,MIL,22,0,71,4.6,8.1,0.563,1,2.5,0.4,3.5,5.6,0.636,0.5,1,0.5,1,4.1,5.1,1.5,1.5,0.5,2,3.5,10.6,WIS,21,11,11,358,7.3,15.6,0.471,1.8,5.3,0.34,5.5,10.3,0.539,1.1,1.1,1,1,5.1,6.1,2.6,0.9,0.7,3.7,2.2,17.6
2018,525,Jamil Wilson,SF,27,LAC,15,10,274,5,10.6,0.469,3.5,8.3,0.429,1.4,2.4,0.611,0.3,0.5,0.5,0.4,3.8,4.2,1.3,0.7,1.1,1.1,4.5,13.8,TOT,27,26,10,750,5.3,11.9,0.445,2.2,6,0.363,3.1,5.9,0.528,1.7,2.6,0.648,0.8,4.5,5.3,3.5,1,0.6,2.2,3.6,14.4
2018,531,Guerschon Yabusele,PF,22,BOS,33,4,235,4,9.3,0.426,1.8,5.7,0.324,2.1,3.7,0.583,2.3,3.4,0.682,2.6,5.4,8,2.5,0.6,0.8,1.8,3.5,12.1,MAI,22,14,13,496,7.4,15.2,0.488,2.3,6.4,0.364,5.1,8.8,0.579,3.5,4.4,0.8,2.3,5.7,8,2.8,1.2,1.7,3.2,3.3,20.6
2018,540,Ivica Zubac,C,20,LAL,43,0,410,5.4,10.7,0.5,0,0.1,0,5.4,10.6,0.504,3.4,4.5,0.765,4,6.8,10.8,2.2,0.7,1.3,2.3,4.1,14.1,SBL,20,14,14,419,11.4,18.7,0.61,0.1,0.5,0.167,11.3,18.2,0.623,3.2,3.7,0.86,4,6.9,10.9,1.9,0.4,2.7,2.7,2.4,26.1
2019,3,Jaylen Adams,PG,22,ATL,34,1,428,3.2,9.3,0.345,2.1,6.2,0.338,1.1,3,0.361,0.6,0.8,0.778,0.9,4.1,5,5.5,1.2,0.4,2.4,3.8,9.1,HAW,22,20,20,633,5.5,13.9,0.396,2.6,7.8,0.336,2.9,6.1,0.472,2.4,3.1,0.764,1,4.2,5.1,6.7,1.9,0.3,3,3.2,16
2019,6,Deng Adel,SF,21,CLE,19,3,194,2,6.7,0.306,1.1,4.3,0.261,0.9,2.4,0.385,0.7,0.7,1,0.6,3,3.5,0.9,0.2,0.7,1.1,2.4,5.9,TOT,21,37,36,1143,5.6,12.9,0.436,1.3,4,0.323,4.3,8.9,0.488,2.3,3,0.779,0.9,5.6,6.6,2.9,0.8,0.5,2.3,1.7,14.8
2019,9,Rawle Alkins,SG,21,CHI,10,1,120,3.9,11.7,0.333,0.9,3.6,0.25,3,8.1,0.37,2.4,3.6,0.667,3.3,4.5,7.8,3.9,0.3,0,2.4,2.1,11.1,WCB,21,44,17,1138,6.4,14.3,0.448,1.4,4.6,0.306,5,9.8,0.515,1.4,2.3,0.608,2.4,5.3,7.6,4,1.3,1,3,2.4,15.7
2019,10,Grayson Allen,SG,23,UTA,38,2,416,5.8,15.4,0.376,2.8,8.6,0.323,3,6.8,0.443,3.9,5.2,0.75,0.3,1.7,2,2.2,0.5,0.5,2.9,4.1,18.3,SLS,23,12,12,368,6.2,13.3,0.463,3.3,8.2,0.405,2.8,5.1,0.558,3.5,4.8,0.735,0.3,2.8,3.1,2.7,1.2,0.4,2,2.3,19.2
2019,12,Kadeem Allen,SG,26,NYK,19,1,416,5.6,12.2,0.461,1.5,3.1,0.472,4.2,9.1,0.457,3.6,4.7,0.778,0.7,3.7,4.4,6.6,1.4,0.3,2.3,4,16.4,WES,26,39,39,1240,6.5,14.4,0.451,1.1,2.5,0.425,5.4,11.9,0.456,3.2,4.2,0.766,1.1,5,6.1,7.2,1.7,0.5,2.9,3,17.3
2019,16,Ryan Anderson,PF,30,TOT,25,8,322,2.3,7.7,0.304,1,4.5,0.225,1.3,3.2,0.414,1.3,1.8,0.75,2,4,6,2.1,0.4,0.1,1.6,2.8,7,DBC,NA,37,4,677,6,12.3,0.485,0.4,2,0.189,5.6,10.3,0.541,2.7,4.6,0.593,6,10.9,16.9,2.3,0.9,0.7,2.1,3,15
2019,26,Dwayne Bacon,SG,23,CHO,43,13,759,5.8,12.2,0.475,1.8,4.1,0.437,4,8.1,0.494,1.6,2.2,0.739,0.4,3.8,4.2,2.2,0.6,0.2,0.9,3.4,15,SWR,23,17,17,546,9.3,22.5,0.412,1.8,7,0.255,7.5,15.6,0.483,4.5,5.6,0.812,1.2,6.7,7.8,2.4,1.4,0.3,2.2,2.1,24.9
2019,29,Wade Baldwin,PG,22,POR,16,0,94,3.8,12.6,0.303,0.8,3.4,0.222,3.1,9.2,0.333,3.1,4.2,0.727,0.8,5,5.7,4.6,0.4,0.8,5.4,4.2,11.5,TOT,22,14,13,450,9.7,20.4,0.475,1.6,4.6,0.345,8.1,15.8,0.513,3.8,5,0.758,1.1,5,6.1,4.4,1.9,0.2,2.8,3.6,24.7
2019,35,Keita Bates-Diop,SF,23,MIN,30,3,503,4.3,10.2,0.423,0.9,3.7,0.25,3.4,6.4,0.522,1.3,2,0.643,1.1,4.8,5.9,1.2,1.3,1,1,2.1,10.8,WOL,23,16,16,585,6.9,15.5,0.444,1.7,5.1,0.337,5.2,10.4,0.497,2,2.8,0.717,1.7,7.1,8.7,1.8,1.2,1.7,1.7,2.3,17.5
2019,55,Jaron Blossomgame,SF,25,CLE,27,4,439,3.9,8.7,0.443,0.8,3.2,0.256,3,5.5,0.552,0.8,1.1,0.769,2.1,5.9,8,1.1,0.6,0.7,0.9,1.6,9.3,TOT,25,35,31,1168,7.7,16.9,0.459,1.4,4.5,0.308,6.3,12.4,0.514,3.1,4.4,0.706,1.7,6.2,7.9,2.3,0.8,1.2,2,2.1,20
2019,60,Isaac Bonga,PG,19,LAL,22,0,120,1.5,9.9,0.152,0,2.4,0,1.5,7.5,0.2,2.7,4.5,0.6,2.7,4.8,7.5,4.5,2.7,1.2,1.8,2.7,5.7,SBL,19,31,29,869,5.5,12.6,0.438,1.4,4,0.344,4.1,8.6,0.481,2.9,3.5,0.812,2.4,5.6,7.9,3.3,1.5,1.4,3.7,4.1,15.2
2019,62,Chris Boucher,PF,26,TOR,28,0,163,7.5,16.8,0.447,2.7,8.2,0.324,4.9,8.6,0.564,2.9,3.3,0.867,3.5,8.8,12.4,0.4,1.3,5.3,1.5,6.8,20.5,RAP,26,28,28,957,10.2,20,0.509,2.3,7.3,0.32,7.9,12.7,0.618,5.9,7.7,0.762,3.1,8.9,12,1.2,1.3,4.3,2.2,3.1,28.6
2019,77,Troy Brown Jr.,SF,19,WAS,52,10,730,4.8,11.5,0.415,1.1,3.4,0.319,3.7,8.1,0.455,1.6,2.3,0.681,1.7,5.4,7.2,3.9,1,0.2,1.5,2.8,12.2,CGG,19,11,11,374,7.2,14.8,0.487,1.8,4.8,0.38,5.4,10,0.538,1.6,2.2,0.739,1.5,5.2,6.7,4,1.5,0.2,2.2,1.9,17.9
2019,83,Deonte Burton,SG,25,OKC,32,0,240,5,12.3,0.402,1.2,4.1,0.296,3.7,8.2,0.455,1.2,1.8,0.667,0.6,3.6,4.2,1.4,0.9,1.2,1.4,4.6,12.3,SLS,27,41,12,853,3.7,10,0.37,1.1,3.5,0.321,2.6,6.5,0.396,1.8,3.3,0.544,0.5,2.4,3,5.5,1.2,0.3,2.3,3,10.4
2019,85,Bruno Caboclo,SF,23,MEM,34,19,800,4.3,10.1,0.427,2.2,5.9,0.369,2.2,4.3,0.505,1.9,2.3,0.84,1.9,5.2,7.1,2.3,0.6,1.5,1.7,3.6,12.7,RIO,23,28,23,793,7.5,14.6,0.517,3.1,7.2,0.43,4.4,7.4,0.601,2.6,3.5,0.744,3.3,5.9,9.2,1.6,1.5,3.9,2.4,4.9,20.8
2019,91,Jevon Carter,PG,23,MEM,39,3,577,3.5,11.5,0.303,2.1,6.4,0.333,1.4,5.2,0.265,1.6,2,0.813,0.9,3.2,4.1,4.3,1.6,0.7,2.1,3.4,10.7,MEM,23,22,22,759,7.2,16.6,0.433,2.2,5.6,0.387,5,10.9,0.457,2.7,3.1,0.864,1,3.8,4.8,6.2,2.8,0.5,3.1,3.2,19.2
2019,95,Alex Caruso,PG,24,LAL,25,4,531,5.2,11.7,0.445,1.6,3.4,0.48,3.6,8.3,0.431,3.5,4.3,0.797,1.4,3.2,4.5,5.2,1.6,0.6,2.8,3.7,15.5,SBL,24,27,26,770,6,14.4,0.414,1.4,5,0.274,4.6,9.5,0.488,4.4,5.4,0.81,1.2,3.5,4.7,7.3,2.7,0.7,4.2,2.8,17.7
2019,99,Tyler Cavanaugh,PF,24,UTA,11,0,39,2.8,9.2,0.3,0.9,4.6,0.2,1.8,4.6,0.4,1.8,1.8,1,2.8,4.6,7.4,0.9,0,0,0.9,2.8,8.3,SLS,24,41,26,1240,7,15.1,0.461,2.6,6.6,0.403,4.3,8.6,0.505,4.6,5.5,0.831,1.9,7.4,9.2,3.2,0.8,0.5,2.4,3.2,21.1
2019,136,Marcus Derrickson,PF,22,GSW,11,0,67,8.6,17.7,0.485,5.4,10.7,0.5,3.2,7,0.462,2.1,2.7,0.8,4.3,2.7,7,0.5,0,0.5,1.6,4.8,24.7,SAN,22,35,35,953,6.7,14.4,0.467,2.5,6,0.419,4.2,8.3,0.502,2.2,2.6,0.841,1.9,5.5,7.4,2.5,1,0.7,2.4,3.8,18.2
2019,157,Drew Eubanks,PF,21,SAS,23,0,113,4.8,8.3,0.577,0,0,NA,4.8,8.3,0.577,3.5,4.1,0.846,1.9,8.9,10.8,2.2,0.6,1.6,2.5,3.5,13.1,AUS,21,32,32,799,9.7,15,0.648,0,0.1,0,9.7,14.9,0.652,4.2,5.2,0.809,2.7,8.5,11.2,1.8,0.7,3.7,2.8,3.7,23.6
2019,158,Jacob Evans,SG,21,GSW,30,1,204,3.2,9.4,0.34,0.7,2.6,0.267,2.5,6.7,0.368,0,0.2,0,1.1,3.4,4.4,4.1,0.9,0.5,1.9,4.9,7.1,SAN,21,21,16,548,6.2,14.1,0.437,1.2,3.9,0.305,5,10.2,0.487,2,2.5,0.789,0.7,4,4.7,3.4,1.2,1.1,2.8,2.8,15.5
2019,188,Brandon Goodwin,PG,23,DEN,16,0,57,3.8,14.5,0.261,1.3,3.8,0.333,2.5,10.7,0.235,5.7,6.9,0.818,0.6,1.3,1.9,8.8,0,0,1.9,4.4,14.5,TOT,23,27,25,955,8.3,16.9,0.491,2.2,5.8,0.383,6.1,11.1,0.548,2.9,4,0.724,1.3,5.6,6.9,5.2,1.5,0.2,2.5,2,21.7
2019,192,Devonte' Graham,PG,23,CHO,46,3,676,3.9,11.5,0.343,1.8,6.4,0.281,2.1,5.1,0.421,1.9,2.4,0.761,0.5,2.8,3.4,6.4,1.2,0.1,1.6,2.6,11.6,SWR,23,13,13,441,8.5,19.3,0.441,4,10.4,0.383,4.5,8.8,0.509,3.8,4.7,0.793,0.7,4.2,5,4.9,1.7,0,2.9,1.5,24.7
2019,216,Isaiah Hartenstein,PF,20,HOU,28,0,221,3.3,6.7,0.488,0.3,1,0.333,2.9,5.7,0.514,1.8,2.3,0.786,3.4,4.2,7.7,2.4,1.1,2,2.1,9.1,8.6,RIO,20,26,26,842,8.6,13.9,0.622,0.7,2.7,0.274,7.9,11.2,0.703,3.6,5.6,0.646,5.7,10.9,16.6,4.1,0.7,2.2,3.6,3.8,21.6
2019,237,Danuel House,SF,25,HOU,39,13,979,4.3,9.3,0.468,2.7,6.5,0.416,1.6,2.7,0.595,2.1,2.6,0.789,0.9,4.2,5.1,1.5,0.8,0.4,1.3,2.9,13.5,RIO,25,18,18,606,7.2,16.9,0.426,3,9.2,0.329,4.2,7.7,0.543,4.7,6,0.782,0.6,4.2,4.8,4,1.3,0.7,2.7,1.8,22.1
2019,256,Justin Jackson,SF,23,TOT,81,14,1614,4.8,10.8,0.447,1.9,5.5,0.355,2.9,5.4,0.542,1.4,1.8,0.785,1,3.7,4.7,2.1,0.7,0.3,0.6,2.2,13,LKL,21,10,4,181,3.4,9.7,0.347,1.2,5.8,0.207,2.2,4,0.55,1,1.4,0.714,2.4,5.2,7.6,1.8,1,1,2.4,3,9
2019,259,Amile Jefferson,PF,25,ORL,12,0,68,5.3,8.5,0.625,0,0,NA,5.3,8.5,0.625,3.7,4.2,0.875,3.2,7.9,11.1,1.6,1.6,1.6,0.5,4.2,14.3,LKL,25,34,34,1129,8.1,13.9,0.584,0,0.1,0.25,8.1,13.7,0.587,3.3,4.5,0.739,4.4,7.8,12.2,3.7,0.9,0.7,2.2,2.6,19.6
2019,260,John Jenkins,SG,27,TOT,26,0,333,4.5,11.4,0.4,2.4,6.3,0.379,2.2,5.1,0.426,1.6,1.9,0.833,0.6,3.4,4,2.4,0,0.2,1,1.1,13.1,TOT,27,21,20,750,8.7,18.5,0.469,3.5,8.1,0.435,5.2,10.5,0.495,4,4.4,0.913,0.3,3.5,3.8,3.5,1.1,0.1,2.5,1.9,24.9
2019,262,Alize Johnson,PF,22,IND,14,0,64,2.3,9,0.25,0.6,1.1,0.5,1.7,7.9,0.214,2.3,4.5,0.5,2.3,8.4,10.7,0.6,0.6,1.7,0,3.9,7.3,FOR,22,31,31,1136,7.7,15.1,0.507,1.1,3,0.379,6.5,12.1,0.539,2.3,3.1,0.742,4.5,9,13.5,3.3,0.9,0.4,2.4,2.3,18.8
2019,287,Luke Kornet,PF,23,NYK,46,18,784,4.9,13,0.378,3.2,8.9,0.363,1.7,4.1,0.411,1.7,2.1,0.826,1.3,4.9,6.2,2.5,1.2,1.9,1.1,1.9,14.8,WES,23,11,11,358,7.4,14.5,0.514,3.2,6.6,0.485,4.2,7.8,0.538,2.7,3.7,0.73,0.9,8.8,9.8,4,0.9,2.5,2.7,2.9,20.8
2019,298,Damion Lee,SG,26,GSW,32,0,375,5.4,12.2,0.441,2.6,6.5,0.397,2.8,5.7,0.492,1.8,2.1,0.864,0.8,5.4,6.1,1.2,1.2,0,1.1,2.7,15.2,SAN,26,24,24,756,8,16.9,0.475,2.3,5.9,0.398,5.7,11,0.515,4.8,5.8,0.828,0.9,6,6.9,2.6,1.6,0,2,2.3,23.1
2019,314,Jordan Loyd,PG,25,TOR,12,0,55,5.2,11.8,0.444,2.6,5.2,0.5,2.6,6.5,0.4,5.9,7.2,0.818,0.7,5.2,5.9,3.9,0,0,1.3,3.3,19,RAP,25,41,40,1454,7.6,15.8,0.481,2.2,6.1,0.367,5.4,9.8,0.552,5.4,6.3,0.862,1.1,4.8,5.8,6,1.8,0.3,2.5,3.4,22.9
2019,341,Jordan McRae,SG,27,WAS,27,0,333,6.6,14.1,0.469,1.1,3.8,0.286,5.5,10.3,0.537,3,3.8,0.8,0.6,3.7,4.3,3.2,1.4,0.8,1.6,2.8,17.3,CGG,27,31,29,1114,10.7,22.2,0.481,2,5.8,0.341,8.7,16.4,0.531,7.1,8.3,0.849,1,4,5,3.8,1.4,0.6,3.5,2.8,30.4
2019,345,Chimezie Metu,PF,21,SAS,29,0,145,4.7,14.4,0.328,0,0.5,0,4.7,13.9,0.339,3.2,4.2,0.765,2.2,6.7,8.9,3.2,1.5,0.5,3.7,3.5,12.7,AUS,21,26,19,711,7.5,15.2,0.495,0.2,0.9,0.222,7.3,14.3,0.512,3.2,4.8,0.67,1.8,7.5,9.3,2.7,0.9,1.8,3.9,3.1,18.5
2019,349,Malcolm Miller,SF,25,TOR,10,0,67,5.9,14,0.423,5.4,11.3,0.476,0.5,2.7,0.2,1.6,2.1,0.75,0.5,2.1,2.7,0.5,0.5,0.5,0.5,2.7,18.8,RAP,25,13,11,358,4.9,11,0.45,2.1,6,0.35,2.8,4.9,0.571,1.9,2.7,0.704,1.1,3.6,4.7,2,1.4,1.4,1.7,4.1,13.9
2019,352,Shake Milton,SG,22,PHI,20,0,268,4.6,11.7,0.391,1.9,5.9,0.318,2.7,5.8,0.465,0.7,0.9,0.714,1.2,3.5,4.7,2.4,1.1,1.1,0.8,3.9,11.7,DBC,22,27,27,937,9.6,19.8,0.484,2.2,6,0.369,7.4,13.8,0.535,4.4,5.5,0.81,1.4,3.6,5,5.1,1.2,0.5,2.7,2.9,25.9
2019,355,Naz Mitrou-Long,SG,25,UTA,14,0,84,2.6,8.6,0.3,0.9,4.7,0.182,1.7,3.9,0.444,0.9,0.9,1,0.4,2.1,2.6,6.4,0.4,0.4,3.4,4.3,6.9,SLS,25,32,31,1044,7.1,16.1,0.442,2.6,7.9,0.33,4.5,8.2,0.55,3.8,4.5,0.832,0.7,4.6,5.3,5.5,1,0.5,3.4,2.9,20.7
2019,365,Johnathan Motley,PF,23,LAC,22,0,156,9,16.8,0.534,0,0.7,0,9,16.2,0.557,5.5,9.2,0.6,4.2,7.6,11.8,2.5,1.2,0.7,3.7,6.2,23.5,ACC,23,27,25,924,9.7,17.6,0.553,0.9,3.2,0.296,8.8,14.5,0.609,5.4,7.6,0.704,2.5,7.9,10.4,3.2,0.7,0.9,3.7,3.8,25.8
2019,403,Theo Pinson,SG,23,BRK,18,0,211,4.3,12.5,0.342,2,7.8,0.261,2.2,4.6,0.481,3.2,3.8,0.864,0.7,5.5,6.1,3.6,1,0,3.1,2.6,13.8,LIN,23,35,34,1210,7.3,16.5,0.445,3.2,8.2,0.384,4.2,8.3,0.505,3.1,3.6,0.851,0.7,5.3,6,5.9,1.1,0.6,3.5,2.6,20.9
2019,412,Alex Poythress,PF,25,ATL,21,1,305,4.7,9.6,0.494,1.1,2.7,0.391,3.7,6.8,0.534,2.1,3.4,0.621,3.4,5.5,9,2,0.5,1.2,1.5,5.5,12.6,HAW,25,18,18,627,10.4,19.8,0.525,1.2,4,0.3,9.2,15.8,0.582,2.5,3.6,0.698,2.6,7.3,10,2.8,1.1,1.3,3.7,3.1,24.5
2019,418,Davon Reed,SG,23,IND,10,0,47,3.8,9.2,0.417,1.5,3.1,0.5,2.3,6.1,0.375,0,0,NA,1.5,3.1,4.6,2.3,0.8,0,0.8,2.3,9.2,FOR,23,34,34,1174,5.4,13.6,0.398,1.8,5.6,0.326,3.6,7.9,0.45,1.9,2.5,0.753,1.2,5.3,6.5,3.1,1.4,0.3,2.5,2.2,14.5
2019,419,Cameron Reynolds,SG,23,MIN,19,0,259,4.6,10.8,0.423,2.9,7.1,0.412,1.7,3.8,0.444,1.1,1.3,0.889,0.6,3.8,4.3,1.8,0.8,0.3,0.7,3.6,13.2,STK,23,33,9,923,7.5,16.2,0.462,3.8,9.1,0.419,3.7,7.1,0.516,1.8,2.3,0.78,1,4.4,5.4,1.5,1,0.5,1.2,2.7,20.6
2019,421,Malachi Richardson,SG,23,TOR,22,0,103,3.1,10.1,0.31,2.8,8.7,0.32,0.3,1.4,0.25,1.4,1.7,0.8,0.7,3.8,4.5,0,0.3,0,2.8,4.5,10.5,RAP,23,12,12,422,6.9,16.7,0.413,3.6,9.1,0.393,3.3,7.6,0.438,3.9,4.9,0.807,0.3,5.6,6,3.5,0.9,0.1,3.2,3.1,21.3
2019,424,Duncan Robinson,PF,24,MIA,15,1,161,4,10.3,0.391,2.2,7.8,0.286,1.8,2.5,0.727,0.9,1.3,0.667,0.4,3.8,4.2,1.1,1.1,0,0.9,2.5,11.2,SFL,24,33,33,1218,7.2,14,0.514,4.6,9.6,0.483,2.6,4.4,0.58,1.8,2.2,0.803,0.4,3.7,4.1,2.8,1,0.1,1.7,2.6,20.9
2019,426,Jerome Robinson,SG,21,LAC,33,0,320,5,12.4,0.4,2,6.4,0.316,2.9,6,0.491,0.7,1,0.667,0.3,4.3,4.6,2.1,1.2,0.3,1.5,5.2,12.6,ACC,21,24,23,765,7.7,17.5,0.438,3.3,8.1,0.407,4.4,9.4,0.465,2.7,3.4,0.781,0.4,4.1,4.6,4,1.3,0.2,3.3,2.9,21.3
2019,435,Brandon Sampson,SG,21,CHI,14,2,214,4.7,10.1,0.467,1.9,4.9,0.379,2.9,5.2,0.548,0.7,1,0.667,0.5,2.2,2.7,1.7,1.3,0.5,2,3.2,11.9,TOT,21,37,36,1249,6.3,13.6,0.459,2.5,6.5,0.379,3.8,7.1,0.533,3.1,3.7,0.843,0.6,4.2,4.8,3.4,0.9,0.3,3,2,18.1
2019,459,Ray Spalding,PF,21,TOT,14,3,148,6.1,11.4,0.532,0,0.7,0,6.1,10.7,0.568,1,2.9,0.333,3.6,8,11.7,1.2,2.2,1.9,2.2,5.6,13.1,TEX,21,29,26,873,7.7,15,0.514,0.4,1.6,0.231,7.3,13.4,0.548,3.3,5.7,0.568,3.6,7.6,11.2,2.1,2,2.6,3,3,19.1
2019,464,Edmond Sumner,PG,23,IND,23,2,210,3.8,11,0.344,1.2,4.6,0.259,2.6,6.3,0.405,2.6,4.1,0.625,1.5,2.6,4.1,1.7,2.1,0.9,1.7,4.5,11.3,FOR,23,26,26,816,9.3,19.7,0.472,2.4,6.6,0.36,6.9,13.1,0.529,4.3,5.8,0.748,0.8,2.3,3.2,4.4,2,0.7,3.6,3.4,25.3
2019,465,Caleb Swanigan,PF,21,TOT,21,0,178,3.6,10.7,0.34,0.2,1.4,0.143,3.4,9.3,0.37,1.2,1.8,0.667,3.4,9.5,12.9,2.2,1.2,0.2,3.6,5.7,8.7,TOT,21,12,6,326,6.8,14.6,0.47,0.3,1.8,0.188,6.5,12.8,0.509,3.2,4.5,0.707,4.5,9.9,14.5,2.9,1.2,0.9,4.9,4,17.2
2019,470,Jared Terrell,SG,23,MIN,14,0,111,3.9,12.6,0.308,1.3,5.5,0.235,2.6,7.1,0.364,1,1.9,0.5,0.3,1.6,1.9,3.9,1,0.6,3.2,5.2,10.1,WOL,23,32,22,1020,6.5,16.6,0.39,2,6.7,0.295,4.5,9.8,0.455,2.3,3,0.767,0.9,3.6,4.5,2.5,1.6,0.2,1.5,2.2,17.2
2019,474,Khyri Thomas,SG,22,DET,26,0,195,4.1,12.7,0.319,1.8,6.5,0.286,2.2,6.3,0.353,1.3,2,0.636,0.7,3,3.7,1.5,1.3,0.9,0.7,4.1,11.3,GRR,22,10,10,323,8.4,16.6,0.503,3.2,7,0.46,5.1,9.6,0.535,3,3.3,0.9,0.3,3.2,3.6,2,1.6,0,1.7,3,23
2019,497,Lonnie Walker,SG,20,SAS,17,0,118,4.9,14,0.348,1.5,4,0.385,3.4,10.1,0.333,2.4,3.1,0.8,0,5.2,5.2,2.7,2.1,0.9,1.2,2.1,13.7,AUS,20,29,28,797,8.7,19.9,0.439,1.5,4.3,0.358,7.2,15.6,0.461,2.7,3.3,0.811,0.9,2.8,3.7,2.2,1.5,0.5,1.8,2.4,21.7
2019,503,Julian Washburn,SF,27,MEM,18,3,254,2.3,6.8,0.333,0.7,3.4,0.208,1.6,3.4,0.458,0.4,0.6,0.75,1.1,4.7,5.8,2,1.8,0.3,1,2.3,5.7,TOT,27,38,30,1229,5.2,10.8,0.477,1.9,4.7,0.406,3.3,6.1,0.531,0.8,1,0.743,1.4,4.5,5.9,1.8,1.1,0.2,1.3,1.6,13
2019,504,Yuta Watanabe,SF,24,MEM,15,0,174,3.1,10.6,0.294,0.4,3.3,0.125,2.7,7.2,0.371,1.4,2.1,0.7,0.8,5.6,6.4,1.7,0.8,0.2,1.2,2.3,8.1,MEM,24,33,32,1119,5.4,12.4,0.436,1.3,4,0.331,4.1,8.4,0.487,2.9,3.5,0.827,1.7,5.9,7.6,2.8,1,1.2,1.7,2.3,15.1
2019,505,Thomas Welsh,C,22,DEN,11,0,36,7,13,0.538,3,7,0.429,4,6,0.667,1,2,0.5,0,4,4,5,0,0,1,3,18,TOT,22,20,12,460,6.4,12.3,0.522,1.1,2.3,0.467,5.3,9.9,0.535,2.1,2.7,0.771,3.9,8.8,12.7,2.3,0.2,0.8,2.4,2.7,16
2019,512,C.J. Williams,SG,28,MIN,15,0,128,4.8,9.8,0.486,1.4,4.5,0.313,3.4,5.3,0.632,0,0.3,0,0.3,2,2.3,3.4,1.7,0,1.4,4.5,11,WOL,28,36,25,1066,6.2,15.3,0.408,3.2,8.8,0.368,3,6.5,0.464,1.3,1.7,0.765,0.5,3.9,4.5,2.1,1.1,0.7,1.6,3.1,17.1
2019,513,Johnathan Williams,C,23,LAL,24,0,372,6.3,10.6,0.591,0,0.2,0,6.3,10.5,0.602,2.6,4.6,0.563,4.6,4.9,9.6,1.3,0.8,0.7,1.5,6,15.2,SBL,23,36,31,982,8.8,16.1,0.548,0.4,1.5,0.244,8.5,14.6,0.579,2.1,4.7,0.442,4.2,6.9,11.1,2.2,1,1.1,2.7,3.3,20.1
2019,518,Troy Williams,SF,24,SAC,21,0,312,5.1,11.3,0.449,1.6,5.1,0.318,3.5,6.2,0.556,1,1.7,0.6,1.4,5.4,6.8,1.3,1.2,0.9,1,4.3,12.8,STK,24,34,13,990,8.5,19.3,0.442,2.2,7.2,0.307,6.3,12.1,0.523,5.1,6.5,0.777,1.6,6.7,8.3,2,2.1,0.8,3.2,3.5,24.4
2019,521,Christian Wood,PF,23,TOT,21,2,251,8.7,16.8,0.521,1.3,3.7,0.346,7.5,13.1,0.571,5.9,8,0.732,2.4,9.5,11.9,1.1,1,1.4,2.4,2.4,24.7,WIS,23,28,28,989,10.9,19.5,0.559,0.9,3.6,0.265,10,16,0.624,7.1,9.4,0.756,4.1,10.2,14.3,2.4,1.1,2.3,3,2.6,29.9
